Name,Team,,NameASCII,PlayerId,MLBAMID
"Aaron Judge","NYY",,"Aaron Judge",15640,592450
"Juan Soto","- - -",,"Juan Soto",20123,665742
"José Ramírez","CLE",,"Jose Ramirez",13510,608070
"Francisco Lindor","- - -",,"Francisco Lindor",12916,596019
"Shohei Ohtani","- - -",,"Shohei Ohtani",19755,660271
"Trea Turner","- - -",,"Trea Turner",16252,607208
"Freddie Freeman","- - -",,"Freddie Freeman",5361,518692
"Mookie Betts","LAD",,"Mookie Betts",13611,605141
"Bobby Witt Jr.","KCR",,"Bobby Witt Jr.",25764,677951
"Corey Seager","- - -",,"Corey Seager",13624,608369
"Kyle Tucker","- - -",,"Kyle Tucker",18345,663656
"Manny Machado","SDP",,"Manny Machado",11493,592518
"Dansby Swanson","- - -",,"Dansby Swanson",18314,621020
"Fernando Tatis Jr.","SDP",,"Fernando Tatis Jr.",19709,665487
"Marcus Semien","- - -",,"Marcus Semien",12533,543760
"Bryce Harper","PHI",,"Bryce Harper",11579,547180
"Cal Raleigh","SEA",,"Cal Raleigh",21534,663728
"Matt Olson","- - -",,"Matt Olson",14344,621566
"Ronald Acuña Jr.","ATL",,"Ronald Acuna Jr.",18401,660670
"Jose Altuve","HOU",,"Jose Altuve",5417,514888
"Xander Bogaerts","- - -",,"Xander Bogaerts",12161,593428
"Julio Rodríguez","SEA",,"Julio Rodriguez",23697,677594
"Rafael Devers","- - -",,"Rafael Devers",17350,646240
"Willy Adames","- - -",,"Willy Adames",15986,642715
"Alex Bregman","- - -",,"Alex Bregman",17678,608324
"Matt Chapman","- - -",,"Matt Chapman",16505,656305
"Carlos Correa","- - -",,"Carlos Correa",14162,621043
"Will Smith","LAD",,"Will Smith",19197,669257
"Brandon Nimmo","NYM",,"Brandon Nimmo",12927,607043
"Vladimir Guerrero Jr.","TOR",,"Vladimir Guerrero Jr.",19611,665489
"Austin Riley","ATL",,"Austin Riley",18360,663586
"Ketel Marte","ARI",,"Ketel Marte",13613,606466
"Yordan Alvarez","HOU",,"Yordan Alvarez",19556,670541
"Nico Hoerner","CHC",,"Nico Hoerner",21479,663538
"J.T. Realmuto","PHI",,"J.T. Realmuto",11739,592663
"Paul Goldschmidt","- - -",,"Paul Goldschmidt",9218,502671
"Nolan Arenado","- - -",,"Nolan Arenado",9777,571448
"Bo Bichette","TOR",,"Bo Bichette",19612,666182
"Gunnar Henderson","BAL",,"Gunnar Henderson",26289,683002
"Byron Buxton","MIN",,"Byron Buxton",14161,621439
"Sean Murphy","- - -",,"Sean Murphy",19352,669221
"Corbin Carroll","ARI",,"Corbin Carroll",25878,682998
"William Contreras","- - -",,"William Contreras",20503,661388
"Ian Happ","CHC",,"Ian Happ",17919,664023
"George Springer","- - -",,"George Springer",12856,543807
"Eugenio Suárez","- - -",,"Eugenio Suarez",12552,553993
"Mike Trout","LAA",,"Mike Trout",10155,545361
"Pete Alonso","NYM",,"Pete Alonso",19251,624413
"J.P. Crawford","SEA",,"J.P. Crawford",15491,641487
"Willson Contreras","- - -",,"Willson Contreras",11609,575929
"Yandy Díaz","TBR",,"Yandy Diaz",16578,650490
"Cedric Mullins","- - -",,"Cedric Mullins",17929,656775
"Andrés Giménez","- - -",,"Andres Gimenez",19950,665926
"Randy Arozarena","- - -",,"Randy Arozarena",19290,668227
"Steven Kwan","CLE",,"Steven Kwan",24610,680757
"Jake Cronenworth","SDP",,"Jake Cronenworth",18036,630105
"Adley Rutschman","BAL",,"Adley Rutschman",26288,668939
"Bryan Reynolds","PIT",,"Bryan Reynolds",19326,668804
"Alejandro Kirk","TOR",,"Alejandro Kirk",22581,672386
"Kyle Schwarber","- - -",,"Kyle Schwarber",16478,656941
"Max Muncy","LAD",,"Max Muncy",13301,571970
"Teoscar Hernández","- - -",,"Teoscar Hernandez",13066,606192
"Jeremy Peña","HOU",,"Jeremy Pena",21636,665161
"Jazz Chisholm Jr.","- - -",,"Jazz Chisholm Jr.",20454,665862
"Brandon Lowe","TBR",,"Brandon Lowe",18882,664040
"Christian Yelich","MIL",,"Christian Yelich",11477,592885
"Tommy Edman","- - -",,"Tommy Edman",19470,669242
"Luis Robert Jr.","CHW",,"Luis Robert Jr.",20043,673357
"Jeff McNeil","NYM",,"Jeff McNeil",15362,643446
"Daulton Varsho","- - -",,"Daulton Varsho",19918,662139
"Cody Bellinger","- - -",,"Cody Bellinger",15998,641355
"Christian Walker","- - -",,"Christian Walker",13419,572233
"Jarren Duran","BOS",,"Jarren Duran",24617,680776
"Elly De La Cruz","CIN",,"Elly De La Cruz",26668,682829
"Gleyber Torres","- - -",,"Gleyber Torres",16997,650402
"Ozzie Albies","ATL",,"Ozzie Albies",16556,645277
"Isaac Paredes","- - -",,"Isaac Paredes",20036,670623
"Michael Harris II","ATL",,"Michael Harris II",25931,671739
"Trent Grisham","- - -",,"Trent Grisham",18564,663757
"Geraldo Perdomo","ARI",,"Geraldo Perdomo",22799,672695
"Taylor Ward","LAA",,"Taylor Ward",17548,621493
"Ke'Bryan Hayes","- - -",,"Ke'Bryan Hayes",18577,663647
"Mike Yastrzemski","- - -",,"Mike Yastrzemski",14854,573262
"Ryan McMahon","- - -",,"Ryan McMahon",15112,641857
"Marcell Ozuna","ATL",,"Marcell Ozuna",10324,542303
"Ha-Seong Kim","- - -",,"Ha-Seong Kim",27506,673490
"Adolis García","TEX",,"Adolis Garcia",19287,666969
"Seiya Suzuki","CHC",,"Seiya Suzuki",30116,673548
"Starling Marte","- - -",,"Starling Marte",9241,516782
"Trevor Story","- - -",,"Trevor Story",12564,596115
"Harrison Bader","- - -",,"Harrison Bader",18030,664056
"Nathaniel Lowe","- - -",,"Nathaniel Lowe",19566,663993
"Jorge Polanco","- - -",,"Jorge Polanco",13152,593871
"Josh Naylor","- - -",,"Josh Naylor",18839,647304
"Brandon Crawford","- - -",,"Brandon Crawford",5343,543063
"Bryson Stott","PHI",,"Bryson Stott",26294,681082
"Patrick Bailey","SFG",,"Patrick Bailey",27478,672275
"Luis Arraez","- - -",,"Luis Arraez",18568,650333
"Brandon Marsh","- - -",,"Brandon Marsh",20202,669016
"Riley Greene","DET",,"Riley Greene",25976,682985
"Brendan Donovan","STL",,"Brendan Donovan",24679,680977
"Tyler O'Neill","- - -",,"Tyler O'Neill",15711,641933
"Justin Turner","- - -",,"Justin Turner",5235,457759
"Miguel Rojas","- - -",,"Miguel Rojas",7802,500743
"Wander Franco","TBR",,"Wander Franco",23667,677551
"Lourdes Gurriel Jr.","- - -",,"Lourdes Gurriel Jr.",19238,666971
"Max Kepler","- - -",,"Max Kepler",12144,596146
"Alec Bohm","PHI",,"Alec Bohm",21618,664761
"Maikel Garcia","KCR",,"Maikel Garcia",22715,672580
"Travis d'Arnaud","- - -",,"Travis d'Arnaud",7739,518595
"Brent Rooker","- - -",,"Brent Rooker",19627,667670
"Salvador Perez","KCR",,"Salvador Perez",7304,521692
"Lars Nootbaar","STL",,"Lars Nootbaar",21454,663457
"Mark Canha","- - -",,"Mark Canha",11445,592192
"DJ LeMahieu","NYY",,"DJ LeMahieu",9874,518934
"Ramón Laureano","- - -",,"Ramon Laureano",17128,657656
"Jackson Merrill","SDP",,"Jackson Merrill",29490,701538
"Ryan Jeffers","MIN",,"Ryan Jeffers",24618,680777
"Gabriel Moreno","- - -",,"Gabriel Moreno",22664,672515
"Nicky Lopez","- - -",,"Nicky Lopez",19339,670032
"Danny Jansen","- - -",,"Danny Jansen",16535,643376
"Anthony Santander","- - -",,"Anthony Santander",14551,623993
"Javier Báez","- - -",,"Javier Baez",12979,595879
"TJ Friedl","CIN",,"TJ Friedl",19522,670770
"Austin Hays","- - -",,"Austin Hays",19363,669720
"Willi Castro","- - -",,"Willi Castro",17338,650489
"Kevin Kiermaier","- - -",,"Kevin Kiermaier",11038,595281
"Ty France","- - -",,"Ty France",17982,664034
"Jeimer Candelario","- - -",,"Jeimer Candelario",13621,600869
"Jonathan India","- - -",,"Jonathan India",21523,663697
"Zach Neto","LAA",,"Zach Neto",31347,687263
"Pete Crow-Armstrong","CHC",,"Pete Crow-Armstrong",27769,691718
"Edmundo Sosa","- - -",,"Edmundo Sosa",17022,624641
"Jose Trevino","- - -",,"Jose Trevino",16725,624431
"Brandon Belt","- - -",,"Brandon Belt",10264,474832
"Yoán Moncada","- - -",,"Yoan Moncada",17232,660162
"José Abreu","- - -",,"Jose Abreu",15676,547989
"Isiah Kiner-Falefa","- - -",,"Isiah Kiner-Falefa",16512,643396
"Tim Anderson","- - -",,"Tim Anderson",15172,641313
"Chas McCormick","HOU",,"Chas McCormick",19599,676801
"Thairo Estrada","- - -",,"Thairo Estrada",16426,642731
"Tyler Stephenson","CIN",,"Tyler Stephenson",17988,663886
"Jurickson Profar","- - -",,"Jurickson Profar",10815,595777
"Carson Kelly","- - -",,"Carson Kelly",13620,608348
"Whit Merrifield","- - -",,"Whit Merrifield",11281,593160
"Amed Rosario","- - -",,"Amed Rosario",15518,642708
"Wyatt Langford","TEX",,"Wyatt Langford",33333,694671
"Dylan Moore","- - -",,"Dylan Moore",18042,664238
"Jose Iglesias","- - -",,"Jose Iglesias",10231,578428
"Oneil Cruz","PIT",,"Oneil Cruz",21711,665833
"CJ Abrams","- - -",,"CJ Abrams",25768,682928
"Yainer Diaz","HOU",,"Yainer Diaz",23003,673237
"Jackson Chourio","MIL",,"Jackson Chourio",28806,694192
"Jonah Heim","- - -",,"Jonah Heim",16930,641680
"Austin Wells","NYY",,"Austin Wells",27562,669224
"Brice Turang","MIL",,"Brice Turang",22186,668930
"Giancarlo Stanton","NYY",,"Giancarlo Stanton",4949,519317
"Jake Meyers","HOU",,"Jake Meyers",20308,676694
"Francisco Alvarez","NYM",,"Francisco Alvarez",26121,682626
"Shea Langeliers","OAK",,"Shea Langeliers",25816,669127
"Kyle Higashioka","- - -",,"Kyle Higashioka",5517,543309
"J.D. Martinez","- - -",,"J.D. Martinez",6184,502110
"Anthony Volpe","NYY",,"Anthony Volpe",27647,683011
"Tyrone Taylor","- - -",,"Tyrone Taylor",13675,621438
"Jose Siri","- - -",,"Jose Siri",17452,642350
"Chris Taylor","- - -",,"Chris Taylor",13757,621035
"Masyn Winn","STL",,"Masyn Winn",27479,691026
"Myles Straw","- - -",,"Myles Straw",17620,664702
"Anthony Rizzo","- - -",,"Anthony Rizzo",3473,519203
"Kerry Carpenter","DET",,"Kerry Carpenter",25961,681481
"Mauricio Dubón","- - -",,"Mauricio Dubon",16530,643289
"Sal Frelick","MIL",,"Sal Frelick",29622,686217
"Ramón Urías","- - -",,"Ramon Urias",18795,602104
"Rhys Hoskins","- - -",,"Rhys Hoskins",16472,656555
"Wilyer Abreu","BOS",,"Wilyer Abreu",23772,677800
"Elvis Andrus","- - -",,"Elvis Andrus",8709,462101
"Yasmani Grandal","- - -",,"Yasmani Grandal",11368,518735
"Zach McKinstry","- - -",,"Zach McKinstry",19392,656716
"Christian Vázquez","- - -",,"Christian Vazquez",9774,543877
"Ezequiel Tovar","COL",,"Ezequiel Tovar",24064,678662
"Josh Donaldson","- - -",,"Josh Donaldson",5038,518626
"Ryan Mountcastle","BAL",,"Ryan Mountcastle",18373,663624
"Jake Rogers","DET",,"Jake Rogers",19452,668670
"José Caballero","- - -",,"Jose Caballero",23401,676609
"Michael A. Taylor","- - -",,"Michael A. Taylor",11489,572191
"Lane Thomas","- - -",,"Lane Thomas",16939,657041
"Adam Frazier","- - -",,"Adam Frazier",15223,624428
"Jesse Winker","- - -",,"Jesse Winker",13590,608385
"Gio Urshela","- - -",,"Gio Urshela",10681,570482
"Alex Verdugo","- - -",,"Alex Verdugo",17027,657077
"Victor Caratini","- - -",,"Victor Caratini",14968,605170
"Wilmer Flores","SFG",,"Wilmer Flores",5827,527038
"Jean Segura","- - -",,"Jean Segura",5933,516416
"Jordan Westburg","BAL",,"Jordan Westburg",27815,676059
"Carlos Santana","- - -",,"Carlos Santana",2396,467793
"Joey Gallo","- - -",,"Joey Gallo",14128,608336
"Josh Rojas","- - -",,"Josh Rojas",19734,668942
"Joc Pederson","- - -",,"Joc Pederson",11899,592626
"Ernie Clement","- - -",,"Ernie Clement",20352,676391
"Gavin Lux","- - -",,"Gavin Lux",19955,666158
"Luis Urías","- - -",,"Luis Urias",16622,649966
"Jake McCarthy","ARI",,"Jake McCarthy",21622,664983
"Andy Pages","LAD",,"Andy Pages",24816,681624
"Buster Posey","SFG",,"Buster Posey",9166,457763
"Kolten Wong","- - -",,"Kolten Wong",12532,543939
"Junior Caminero","TBR",,"Junior Caminero",28163,691406
"Michael Busch","- - -",,"Michael Busch",26319,683737
"Jesús Sánchez","- - -",,"Jesus Sanchez",19913,660821
"Austin Slater","- - -",,"Austin Slater",16153,596103
"Matt Wallner","MIN",,"Matt Wallner",26466,670242
"Jon Berti","- - -",,"Jon Berti",12037,542932
"Lawrence Butler","OAK",,"Lawrence Butler",22542,671732
"Josh Jung","TEX",,"Josh Jung",26299,673962
"Ceddanne Rafaela","BOS",,"Ceddanne Rafaela",24262,678882
"Otto Lopez","- - -",,"Otto Lopez",19608,672640
"Wil Myers","- - -",,"Wil Myers",10047,571976
"Bo Naylor","CLE",,"Bo Naylor",21865,666310
"Royce Lewis","MIN",,"Royce Lewis",20437,668904
"Michael Conforto","- - -",,"Michael Conforto",16376,624424
"Xavier Edwards","MIA",,"Xavier Edwards",22266,669364
"Iván Herrera","STL",,"Ivan Herrera",20599,671056
"Matt Vierling","- - -",,"Matt Vierling",21558,663837
"Nick Castellanos","- - -",,"Nick Castellanos",11737,592206
"Ryan O'Hearn","- - -",,"Ryan O'Hearn",16442,656811
"Kyle Farmer","- - -",,"Kyle Farmer",14813,571657
"Kyle Isbel","KCR",,"Kyle Isbel",21614,664728
"Josh Smith","TEX",,"Josh Smith",26396,669701
"J.D. Davis","- - -",,"J.D. Davis",16219,605204
"Adam Duvall","- - -",,"Adam Duvall",10950,594807
"Freddy Fermin","- - -",,"Freddy Fermin",21840,666023
"Donovan Solano","- - -",,"Donovan Solano",8623,456781
"Tony Kemp","- - -",,"Tony Kemp",14894,643393
"Jonathan Schoop","DET",,"Jonathan Schoop",11265,570731
"Matt McLain","CIN",,"Matt McLain",29695,680574
"Nick Kurtz","ATH",,"Nick Kurtz",35110,701762
"Jacob Young","WSN",,"Jacob Young",29931,696285
"James Wood","WSN",,"James Wood",29518,695578
"Evan Longoria","- - -",,"Evan Longoria",9368,446334
"Vinnie Pasquantino","KCR",,"Vinnie Pasquantino",27676,686469
"Luke Raley","- - -",,"Luke Raley",19354,670042
"Josh Lowe","TBR",,"Josh Lowe",19953,666139
"Michael Brantley","HOU",,"Michael Brantley",4106,488726
"Spencer Steer","CIN",,"Spencer Steer",26323,668715
"Brenton Doyle","COL",,"Brenton Doyle",25479,686668
"Joey Ortiz","- - -",,"Joey Ortiz",25493,687401
"Hunter Renfroe","- - -",,"Hunter Renfroe",15464,592669
"Jake Burger","- - -",,"Jake Burger",22275,669394
"Leody Taveras","- - -",,"Leody Taveras",18900,665750
"Josh Bell","- - -",,"Josh Bell",13145,605137
"David Peralta","- - -",,"David Peralta",2136,444482
"Joey Wendle","- - -",,"Joey Wendle",13853,621563
"Gary Sánchez","- - -",,"Gary Sanchez",11442,596142
"Jake Fraley","- - -",,"Jake Fraley",19260,641584
"AJ Pollock","- - -",,"AJ Pollock",9256,572041
"Santiago Espinal","- - -",,"Santiago Espinal",19997,669289
"Rob Refsnyder","- - -",,"Rob Refsnyder",13770,608701
"Colton Cowser","BAL",,"Colton Cowser",29591,681297
"Mike Tauchman","- - -",,"Mike Tauchman",15274,643565
"Manuel Margot","- - -",,"Manuel Margot",14712,622534
"Robbie Grossman","- - -",,"Robbie Grossman",5254,543257
"Kyle Seager","SEA",,"Kyle Seager",9785,572122
"Paul DeJong","- - -",,"Paul DeJong",18015,657557
"Max Stassi","LAA",,"Max Stassi",10059,545358
"Dillon Dingler","DET",,"Dillon Dingler",27464,693307
"Jason Heyward","- - -",,"Jason Heyward",4940,518792
"Patrick Wisdom","CHC",,"Patrick Wisdom",13602,621550
"Nick Ahmed","- - -",,"Nick Ahmed",12147,605113
"Jorge Mateo","- - -",,"Jorge Mateo",17273,622761
"Zack Gelof","OAK",,"Zack Gelof",29766,680869
"C.J. Cron","- - -",,"C.J. Cron",12546,543068
"Anthony Rendon","LAA",,"Anthony Rendon",12861,543685
"César Hernández","- - -",,"Cesar Hernandez",10556,514917
"Mitch Garver","- - -",,"Mitch Garver",15161,641598
"Spencer Horwitz","- - -",,"Spencer Horwitz",26477,687462
"Orlando Arcia","- - -",,"Orlando Arcia",13185,606115
"Andrew McCutchen","- - -",,"Andrew McCutchen",9847,457705
"Tommy Pham","- - -",,"Tommy Pham",2967,502054
"Omar Narváez","- - -",,"Omar Narvaez",13338,553882
"Nick Fortes","- - -",,"Nick Fortes",21538,663743
"Reese McGuire","- - -",,"Reese McGuire",15674,624512
"LaMonte Wade Jr.","- - -",,"LaMonte Wade Jr.",18126,664774
"Brandon Drury","- - -",,"Brandon Drury",11615,592273
"Andy Ibáñez","- - -",,"Andy Ibanez",18819,628451
"Davis Schneider","TOR",,"Davis Schneider",23565,676914
"Randal Grichuk","- - -",,"Randal Grichuk",10243,545341
"Enrique Hernández","- - -",,"Enrique Hernandez",10472,571771
"Jacob Wilson","OAK",,"Jacob Wilson",33266,805779
"James Outman","- - -",,"James Outman",24770,681546
"Jorge Soler","- - -",,"Jorge Soler",14221,624585
"Jared Triolo","PIT",,"Jared Triolo",25807,669707
"Josh Harrison","- - -",,"Josh Harrison",8202,543281
"Colt Keith","DET",,"Colt Keith",27899,690993
"Luis Rengifo","LAA",,"Luis Rengifo",19858,650859
"Luis García Jr.","WSN",,"Luis Garcia Jr.",20391,671277
"Tyler Heineman","- - -",,"Tyler Heineman",13897,623168
"Garrett Mitchell","MIL",,"Garrett Mitchell",27555,669003
"Parker Meadows","DET",,"Parker Meadows",23800,678009
"Tyler Fitzgerald","SFG",,"Tyler Fitzgerald",26208,666149
"Yan Gomes","- - -",,"Yan Gomes",9627,543228
"Brendan Rodgers","- - -",,"Brendan Rodgers",17907,663898
"Joey Votto","CIN",,"Joey Votto",4314,458015
"Mike Zunino","- - -",,"Mike Zunino",13265,572287
"Eduardo Escobar","- - -",,"Eduardo Escobar",6153,500871
"Victor Robles","- - -",,"Victor Robles",18363,645302
"Alex Call","- - -",,"Alex Call",19296,669743
"Cavan Biggio","- - -",,"Cavan Biggio",19252,624415
"JJ Bleday","- - -",,"JJ Bleday",26368,668709
"Jace Peterson","- - -",,"Jace Peterson",12325,607054
"Joey Bart","- - -",,"Joey Bart",21524,663698
"Drake Baldwin","ATL",,"Drake Baldwin",31539,686948
"Eloy Jiménez","- - -",,"Eloy Jimenez",17484,650391
"Nelson Cruz","- - -",,"Nelson Cruz",2434,443558
"Brian Anderson","- - -",,"Brian Anderson",18289,605119
"Blake Perkins","MIL",,"Blake Perkins",19921,663368
"Kyle Stowers","- - -",,"Kyle Stowers",26151,669065
"James McCann","- - -",,"James McCann",12859,543510
"Johan Rojas","PHI",,"Johan Rojas",24336,679032
"Spencer Torkelson","DET",,"Spencer Torkelson",27465,679529
"Jacob Stallings","- - -",,"Jacob Stallings",13723,607732
"David Fletcher","- - -",,"David Fletcher",17992,664058
"Luis Guillorme","- - -",,"Luis Guillorme",16451,641645
"Jonathan Aranda","TBR",,"Jonathan Aranda",21837,666018
"Heliot Ramos","SFG",,"Heliot Ramos",22515,671218
"Dylan Carlson","- - -",,"Dylan Carlson",20126,666185
"Austin Hedges","- - -",,"Austin Hedges",12976,595978
"Andrew Benintendi","- - -",,"Andrew Benintendi",17901,643217
"Ben Rice","NYY",,"Ben Rice",29576,700250
"Evan Carter","TEX",,"Evan Carter",27790,694497
"Wenceel Pérez","DET",,"Wenceel Perez",22857,672761
"Roman Anthony","BOS",,"Roman Anthony",31812,701350
"Tyler Soderstrom","OAK",,"Tyler Soderstrom",27467,691016
"Trevor Larnach","MIN",,"Trevor Larnach",21501,663616
"Colson Montgomery","CHW",,"Colson Montgomery",29712,695657
"Carlos Narváez","- - -",,"Carlos Narvaez",19722,665966
"Nick Madrigal","- - -",,"Nick Madrigal",20521,663611
"Caleb Durbin","MIL",,"Caleb Durbin",29646,702332
"Nolan Jones","- - -",,"Nolan Jones",20529,666134
"Darin Ruf","- - -",,"Darin Ruf",9929,573131
"Jung Hoo Lee","SFG",,"Jung Hoo Lee",33824,808982
"Trayce Thompson","- - -",,"Trayce Thompson",9952,572204
"Nathan Lukes","TOR",,"Nathan Lukes",18123,664770
"Nolan Gorman","STL",,"Nolan Gorman",22263,669357
"Seby Zavala","- - -",,"Seby Zavala",18887,664874
"Yadier Molina","STL",,"Yadier Molina",7007,425877
"Connor Joe","- - -",,"Connor Joe",16572,656582
"Rafael Ortega","- - -",,"Rafael Ortega",10323,542364
"Brett Phillips","- - -",,"Brett Phillips",14735,621433
"Isaac Collins","MIL",,"Isaac Collins",25477,686555
"Tucker Barnhart","- - -",,"Tucker Barnhart",10200,571466
"Garrett Cooper","- - -",,"Garrett Cooper",15279,643265
"Christian Bethancourt","- - -",,"Christian Bethancourt",10028,542194
"Austin Barnes","LAD",,"Austin Barnes",12158,605131
"Mark Vientos","NYM",,"Mark Vientos",22184,668901
"Adalberto Mondesi","KCR",,"Adalberto Mondesi",13769,609275
"Manny Piña","- - -",,"Manny Pina",2829,444489
"Triston Casas","BOS",,"Triston Casas",22514,671213
"Brett Baty","NYM",,"Brett Baty",26123,683146
"Nick Gonzales","PIT",,"Nick Gonzales",27490,693304
"Aaron Hicks","- - -",,"Aaron Hicks",5297,543305
"Jakob Marsee","MIA",,"Jakob Marsee",31370,805300
"Christopher Morel","- - -",,"Christopher Morel",21897,666624
"Nolan Schanuel","LAA",,"Nolan Schanuel",33189,694384
"Jack Suwinski","PIT",,"Jack Suwinski",22244,669261
"Tomás Nido","- - -",,"Tomas Nido",13755,621512
"Miguel Amaya","CHC",,"Miguel Amaya",21693,665804
"Albert Pujols","- - -",,"Albert Pujols",1177,405395
"Pedro Pagés","STL",,"Pedro Pages",25782,686780
"Stone Garrett","- - -",,"Stone Garrett",19273,656448
"Odúbel Herrera","PHI",,"Odubel Herrera",11476,546318
"Luis Torrens","- - -",,"Luis Torrens",15905,620443
"Luke Voit","- - -",,"Luke Voit",14811,572228
"Adam Engel","- - -",,"Adam Engel",15082,641553
"Alec Burleson","STL",,"Alec Burleson",27615,676475
"Mitch Haniger","- - -",,"Mitch Haniger",14274,571745
"Austin Nola","- - -",,"Austin Nola",15941,543592
"Eric Hosmer","- - -",,"Eric Hosmer",3516,543333
"Kyle Lewis","- - -",,"Kyle Lewis",19508,641786
"Max Schuemann","OAK",,"Max Schuemann",24488,680474
"Kyle Teel","CHW",,"Kyle Teel",33549,691019
"Kevin Pillar","- - -",,"Kevin Pillar",12434,607680
"Addison Barger","TOR",,"Addison Barger",24598,680718
"Edouard Julien","MIN",,"Edouard Julien",27534,666397
"Rougned Odor","- - -",,"Rougned Odor",12282,596059
"Akil Baddoo","DET",,"Akil Baddoo",22168,668731
"Hunter Goodman","COL",,"Hunter Goodman",29715,696100
"Jake Mangum","TBR",,"Jake Mangum",26202,663968
"Michael Massey","KCR",,"Michael Massey",27684,686681
"Harold Ramírez","- - -",,"Harold Ramirez",14387,623912
"Matt Carpenter","- - -",,"Matt Carpenter",8090,572761
"Ezequiel Duran","TEX",,"Ezequiel Duran",23733,677649
"Dairon Blanco","KCR",,"Dairon Blanco",19779,680118
"Mickey Moniak","- - -",,"Mickey Moniak",19956,666160
"Jonny DeLuca","- - -",,"Jonny DeLuca",26365,676356
"Yuli Gurriel","- - -",,"Yuli Gurriel",19198,493329
"Ji Man Choi","- - -",,"Ji Man Choi",5452,596847
"Daniel Schneemann","CLE",,"Daniel Schneemann",25180,682177
"Raimel Tapia","- - -",,"Raimel Tapia",14350,606132
"Logan O'Hoppe","LAA",,"Logan O'Hoppe",24729,681351
"Stuart Fairchild","- - -",,"Stuart Fairchild",20321,656413
"Eric Haase","- - -",,"Eric Haase",14111,606992
"Luke Keaschall","MIN",,"Luke Keaschall",33321,807712
"Frank Schwindel","- - -",,"Frank Schwindel",15351,643524
"Jake Marisnick","- - -",,"Jake Marisnick",11339,545350
"Emmanuel Rivera","- - -",,"Emmanuel Rivera",19890,656896
"David Hamilton","BOS",,"David Hamilton",27531,666152
"Masataka Yoshida","BOS",,"Masataka Yoshida",31837,807799
"Oswaldo Cabrera","NYY",,"Oswaldo Cabrera",21707,665828
"Mike Brosseau","- - -",,"Mike Brosseau",19683,670712
"Tom Murphy","- - -",,"Tom Murphy",13499,608596
"Pavin Smith","ARI",,"Pavin Smith",19892,656976
"Seth Brown","OAK",,"Seth Brown",18171,664913
"Matt Shaw","CHC",,"Matt Shaw",33322,807713
"Derek Hill","- - -",,"Derek Hill",16947,656537
"Richie Palacios","- - -",,"Richie Palacios",24589,680700
"Aledmys Díaz","- - -",,"Aledmys Diaz",15937,649557
"Daylen Lile","WSN",,"Daylen Lile",29995,695734
"Brett Gardner","NYY",,"Brett Gardner",9927,458731
"Kris Bryant","- - -",,"Kris Bryant",15429,592178
"Romy Gonzalez","- - -",,"Romy Gonzalez",21562,663853
"Austin Wynns","- - -",,"Austin Wynns",15271,642851
"Alek Thomas","ARI",,"Alek Thomas",23792,677950
"Jared Walsh","- - -",,"Jared Walsh",18607,665120
"Sam Haggerty","- - -",,"Sam Haggerty",18054,664059
"Chase Meidroth","CHW",,"Chase Meidroth",31580,805367
"Jason Delay","PIT",,"Jason Delay",19806,641511
"Jose Miranda","MIN",,"Jose Miranda",20538,669304
"Denzel Clarke","ATH",,"Denzel Clarke",29858,672016
"Victor Scott II","STL",,"Victor Scott II",31349,687363
"Jordan Luplow","- - -",,"Jordan Luplow",16424,656669
"Austin Meadows","- - -",,"Austin Meadows",15672,640457
"Avisaíl García","- - -",,"Avisail Garcia",5760,541645
"Charlie Blackmon","COL",,"Charlie Blackmon",7859,453568
"Daniel Vogelbach","- - -",,"Daniel Vogelbach",14130,596129
"Heriberto Hernández","MIA",,"Heriberto Hernandez",24878,681715
"Kody Clemens","- - -",,"Kody Clemens",20572,665019
"Travis Jankowski","- - -",,"Travis Jankowski",13768,608671
"Elias Díaz","- - -",,"Elias Diaz",11680,553869
"Andrelton Simmons","- - -",,"Andrelton Simmons",10847,592743
"Kyle Manzardo","CLE",,"Kyle Manzardo",29794,700932
"Ben Rortvedt","- - -",,"Ben Rortvedt",20287,666163
"Jackson Holliday","BAL",,"Jackson Holliday",31781,702616
"Yu Chang","- - -",,"Yu Chang",14773,644374
"Bradley Zimmer","- - -",,"Bradley Zimmer",16221,605548
"Gabriel Arias","CLE",,"Gabriel Arias",22563,672356
"Kevin Newman","- - -",,"Kevin Newman",17696,621028
"Dominic Canzone","- - -",,"Dominic Canzone",26438,686527
"Trey Mancini","- - -",,"Trey Mancini",15149,641820
"Miguel Andujar","- - -",,"Miguel Andujar",15878,609280
"Nasim Nuñez","WSN",,"Nasim Nunez",25979,683083
"Drew Millas","WSN",,"Drew Millas",25643,686452
"Freddy Galvis","- - -",,"Freddy Galvis",6609,520471
"Matt Duffy","- - -",,"Matt Duffy",13836,622110
"Steven Duggar","- - -",,"Steven Duggar",17719,621453
"Ryan Noda","- - -",,"Ryan Noda",23312,676116
"Tommy La Stella","- - -",,"Tommy La Stella",12371,600303
"Brayan Rocchio","CLE",,"Brayan Rocchio",23690,677587
"Alcides Escobar","WSN",,"Alcides Escobar",6310,444876
"Luisangel Acuña","NYM",,"Luisangel Acuna",26548,682668
"Victor Reyes","DET",,"Victor Reyes",15487,622682
"Rafael Marchán","PHI",,"Rafael Marchan",21646,665561
"Tyler Naquin","- - -",,"Tyler Naquin",13359,571980
"David Fry","CLE",,"David Fry",24934,681807
"Andruw Monasterio","MIL",,"Andruw Monasterio",19455,655316
"Cam Smith","HOU",,"Cam Smith",35108,701358
"Ildemaro Vargas","- - -",,"Ildemaro Vargas",13324,545121
"Lorenzo Cain","MIL",,"Lorenzo Cain",9077,456715
"Luke Maile","- - -",,"Luke Maile",13355,571912
"Franmil Reyes","- - -",,"Franmil Reyes",14566,614177
"Joey Wiemer","- - -",,"Joey Wiemer",27690,686894
"DJ Stewart","- - -",,"DJ Stewart",17766,621466
"Alex Dickerson","- - -",,"Alex Dickerson",12649,543105
"Liam Hicks","MIA",,"Liam Hicks",29844,689414
"Garrett Hampson","- - -",,"Garrett Hampson",19262,641658
"Eli White","- - -",,"Eli White",19346,642201
"Ronny Mauricio","NYM",,"Ronny Mauricio",23698,677595
"Blaze Alexander","ARI",,"Blaze Alexander",23789,677942
"Francisco Mejía","- - -",,"Francisco Mejia",16403,642336
"Roberto Pérez","- - -",,"Roberto Perez",2900,547379
"Jarred Kelenic","- - -",,"Jarred Kelenic",22558,672284
"Will Benson","- - -",,"Will Benson",21853,666181
"Cade Marlowe","SEA",,"Cade Marlowe",25505,687799
"Starlin Castro","WSN",,"Starlin Castro",4579,516770
"Ryan McKenna","- - -",,"Ryan McKenna",19928,663630
"Christian Arroyo","- - -",,"Christian Arroyo",16434,624414
"Connor Wong","BOS",,"Connor Wong",19896,657136
"Jedd Gyorko","MIL",,"Jedd Gyorko",10816,576397
"Leury García","CHW",,"Leury Garcia",5913,544725
"Corey Dickerson","- - -",,"Corey Dickerson",10762,572816
"Leo Rivas","SEA",,"Leo Rivas",21009,660844
"Curt Casali","- - -",,"Curt Casali",12510,592200
"Hyeseong Kim","LAD",,"Hyeseong Kim",35322,808975
"Jeremiah Jackson","BAL",,"Jeremiah Jackson",22239,669236
"Jasson Domínguez","NYY",,"Jasson Dominguez",28080,691176
"Joey Loperfido","- - -",,"Joey Loperfido",29630,694388
"Mitch Moreland","- - -",,"Mitch Moreland",3086,519048
"Nick Gordon","- - -",,"Nick Gordon",16337,624503
"Yonathan Daza","COL",,"Yonathan Daza",15794,602074
"Carlos Cortes","ATH",,"Carlos Cortes",21842,666126
"Max Fried","- - -",,"Max Fried",13743,608331
"Austin Martin","MIN",,"Austin Martin",27462,668885
"Drew Waters","KCR",,"Drew Waters",20505,671221
"Taylor Walls","TBR",,"Taylor Walls",22458,670764
"Chandler Simpson","TBR",,"Chandler Simpson",31912,802415
"Adrian Del Castillo","ARI",,"Adrian Del Castillo",29554,680728
"Will Brennan","CLE",,"Will Brennan",25660,686823
"Esteury Ruiz","- - -",,"Esteury Ruiz",21780,665923
"Eguy Rosario","SDP",,"Eguy Rosario",19964,666703
"Owen Miller","- - -",,"Owen Miller",24655,680911
"Carter Jensen","KCR",,"Carter Jensen",29478,695600
"Charles Leblanc","- - -",,"Charles Leblanc",19813,641779
"Sergio Alcántara","- - -",,"Sergio Alcantara",16417,642727
"Dylan Beavers","BAL",,"Dylan Beavers",31695,687637
"Dominic Smith","- - -",,"Dominic Smith",15653,642086
"Colin Moran","- - -",,"Colin Moran",16909,592567
"Graham Pauley","- - -",,"Graham Pauley",31363,688363
"Livan Soto","- - -",,"Livan Soto",22471,670869
"Dylan Crews","WSN",,"Dylan Crews",33541,686611
"Luis González","- - -",,"Luis Gonzalez",20332,670768
"Michael Helman","- - -",,"Michael Helman",24605,680737
"Connor Norby","- - -",,"Connor Norby",29592,681393
"David Bote","CHC",,"David Bote",14593,623520
"Germán Márquez","COL",,"German Marquez",15038,608566
"Sam Huff","- - -",,"Sam Huff",22209,669087
"Andrew Stevenson","- - -",,"Andrew Stevenson",17932,664057
"Tim Locastro","- - -",,"Tim Locastro",15124,641796
"Jason Castro","- - -",,"Jason Castro",8722,488771
"Roman Quinn","- - -",,"Roman Quinn",13546,596451
"Charlie Culberson","- - -",,"Charlie Culberson",3298,518586
"Sam Hilliard","- - -",,"Sam Hilliard",17954,656541
"Matt Thaiss","- - -",,"Matt Thaiss",19318,642136
"Nelson Velázquez","- - -",,"Nelson Velazquez",23359,676369
"Casey Schmitt","SFG",,"Casey Schmitt",27577,669477
"Javier Sanoja","MIA",,"Javier Sanoja",28253,691594
"Alex Avila","- - -",,"Alex Avila",7476,488671
"Matthew Batten","SDP",,"Matthew Batten",20157,676946
"José Peraza","- - -",,"Jose Peraza",13593,606299
"Niko Goodrum","- - -",,"Niko Goodrum",12092,592348
"Christian Koss","SFG",,"Christian Koss",27653,683766
"Dane Myers","MIA",,"Dane Myers",22054,667472
"Guillermo Heredia","- - -",,"Guillermo Heredia",18721,628338
"Lenyn Sosa","CHW",,"Lenyn Sosa",22896,672820
"Conner Capel","- - -",,"Conner Capel",19983,668843
"David Villar","SFG",,"David Villar",24782,681584
"Thomas Saggese","STL",,"Thomas Saggese",27883,695336
"Estevan Florial","- - -",,"Estevan Florial",19151,664314
"Cam Gallagher","- - -",,"Cam Gallagher",12981,595956
"Michael Siani","- - -",,"Michael Siani",22557,672279
"Zach Cole","HOU",,"Zach Cole",31583,805904
"Alex Jackson","- - -",,"Alex Jackson",17276,656577
"Jacob deGrom","- - -",,"Jacob deGrom",10954,594798
"Ryan Bliss","SEA",,"Ryan Bliss",29547,669208
"Joey Meneses","WSN",,"Joey Meneses",14366,608841
"J.C. Escarra","NYY",,"J.C. Escarra",20084,641555
"Marcelo Mayer","BOS",,"Marcelo Mayer",29668,691785
"Steward Berroa","- - -",,"Steward Berroa",22766,672642
"René Pinto","TBR",,"Rene Pinto",19859,650907
"Sal Stewart","CIN",,"Sal Stewart",31505,701398
"Greg Allen","- - -",,"Greg Allen",16623,656185
"Miguel Sanó","- - -",,"Miguel Sano",12164,593934
"Jesús Aguilar","- - -",,"Jesus Aguilar",11342,542583
"Ryan Zimmerman","WSN",,"Ryan Zimmerman",4220,475582
"José Azocar","- - -",,"Jose Azocar",18821,640492
"Griffin Conine","MIA",,"Griffin Conine",21626,665052
"Chadwick Tromp","- - -",,"Chadwick Tromp",16953,644433
"Jason Kipnis","CHC",,"Jason Kipnis",9776,543401
"Bryce Johnson","- - -",,"Bryce Johnson",20002,669369
"Ben Williamson","SEA",,"Ben Williamson",33197,810938
"Dalton Guthrie","PHI",,"Dalton Guthrie",21293,656495
"Blake Sabol","- - -",,"Blake Sabol",25805,666165
"Joe Ross","- - -",,"Joe Ross",12972,605452
"Bryce Teodosio","LAA",,"Bryce Teodosio",29524,669326
"Garrett Stubbs","- - -",,"Garrett Stubbs",18067,596117
"Nick Allen","- - -",,"Nick Allen",22277,669397
"Will Wagner","- - -",,"Will Wagner",29634,695238
"Tyler Tolbert","KCR",,"Tyler Tolbert",25779,686475
"Webster Rivas","SDP",,"Webster Rivas",14636,593590
"Francisco Cervelli","MIA",,"Francisco Cervelli",5275,465041
"Huascar Ynoa","ATL",,"Huascar Ynoa",20468,660623
"Wade Miley","- - -",,"Wade Miley",8779,489119
"Ronald Torreyes","PHI",,"Ronald Torreyes",11400,591720
"Zach Remillard","CHW",,"Zach Remillard",19788,621545
"Julio Urías","LAD",,"Julio Urias",14765,628711
"Jonathan Davis","- - -",,"Jonathan Davis",15104,641505
"Nick Solak","- - -",,"Nick Solak",19294,669256
"Tyler Flowers","ATL",,"Tyler Flowers",9134,452095
"Brandon Lockridge","- - -",,"Brandon Lockridge",21496,663604
"Ryan Fitzgerald","MIN",,"Ryan Fitzgerald",24622,680837
"Luis Barrera","OAK",,"Luis Barrera",19615,642456
"Jacob Nottingham","- - -",,"Jacob Nottingham",16448,641924
"Eric Lauer","- - -",,"Eric Lauer",19316,641778
"Jack Flaherty","- - -",,"Jack Flaherty",17479,656427
"Billy Cook","PIT",,"Billy Cook",29573,695257
"Dustin Garneau","- - -",,"Dustin Garneau",9433,572863
"Erik Kratz","NYY",,"Erik Kratz",4403,456124
"Asdrúbal Cabrera","- - -",,"Asdrubal Cabrera",4962,452678
"César Salazar","HOU",,"Cesar Salazar",21587,663967
"Moisés Ballesteros","CHC",,"Moises Ballesteros",28820,694208
"Jake Bauers","- - -",,"Jake Bauers",15194,641343
"John Hicks","TEX",,"John Hicks",12547,543308
"Delino DeShields","- - -",,"Delino DeShields",11379,592261
"Alex Freeland","LAD",,"Alex Freeland",31665,690976
"José Rondon","STL",,"Jose Rondon",14140,602922
"Yadiel Hernandez","WSN",,"Yadiel Hernandez",19334,628450
"Aaron Nola","PHI",,"Aaron Nola",16149,605400
"Jon Lester","- - -",,"Jon Lester",4930,452657
"Austin Shenton","TBR",,"Austin Shenton",25425,668853
"Nate Eaton","- - -",,"Nate Eaton",25055,681987
"Leo Jiménez","TOR",,"Leo Jimenez",23782,677870
"Adrián Sanchez","WSN",,"Adrian Sanchez",11338,506703
"Logan Webb","SFG",,"Logan Webb",17995,657277
"Ranger Suárez","PHI",,"Ranger Suarez",17277,624133
"Jahmai Jones","- - -",,"Jahmai Jones",18872,663330
"Tres Barrera","- - -",,"Tres Barrera",19977,668663
"Ryan Braun","MIL",,"Ryan Braun",3410,460075
"Humberto Castellanos","- - -",,"Humberto Castellanos",21183,528748
"Madison Bumgarner","ARI",,"Madison Bumgarner",5524,518516
"Keibert Ruiz","- - -",,"Keibert Ruiz",19610,660688
"Clayton Kershaw","LAD",,"Clayton Kershaw",2036,477132
"Zac Gallen","ARI",,"Zac Gallen",19291,668678
"Tylor Megill","NYM",,"Tylor Megill",21318,656731
"Kevin Gausman","- - -",,"Kevin Gausman",14107,592332
"Nick Loftin","KCR",,"Nick Loftin",27630,679845
"Breyvic Valera","TOR",,"Breyvic Valera",12758,591971
"Joe Dunand","MIA",,"Joe Dunand",19727,656388
"DJ Peters","- - -",,"DJ Peters",19348,656847
"Brad Miller","- - -",,"Brad Miller",12775,543543
"Rece Hinds","CIN",,"Rece Hinds",27493,677956
"Noelvi Marte","CIN",,"Noelvi Marte",26517,682622
"Dérmis Garcia","OAK",,"Dermis Garcia",20926,660650
"Kevin Plawecki","- - -",,"Kevin Plawecki",13807,608700
"Christian Moore","LAA",,"Christian Moore",34979,695681
"Mark Mathias","- - -",,"Mark Mathias",18032,664029
"Matt Peacock","- - -",,"Matt Peacock",20339,676840
"Forrest Wall","- - -",,"Forrest Wall",16496,657088
"Nick Sogard","BOS",,"Nick Sogard",25483,686765
"Troy Johnston","MIA",,"Troy Johnston",26143,687859
"JaCoby Jones","DET",,"JaCoby Jones",14818,592444
"Bobby Dalbec","- - -",,"Bobby Dalbec",19966,666915
"Kyle McCann","OAK",,"Kyle McCann",25575,668832
"Jake Arrieta","- - -",,"Jake Arrieta",4153,453562
"Sean Manaea","- - -",,"Sean Manaea",15873,640455
"Nathan Church","STL",,"Nathan Church",31357,701675
"Darren Baker","WSN",,"Darren Baker",29912,671117
"David Price","LAD",,"David Price",3184,456034
"Austin Dean","- - -",,"Austin Dean",18288,621573
"Brian Navarreto","MIA",,"Brian Navarreto",16398,640459
"Derek Dietrich","TEX",,"Derek Dietrich",10542,518618
"C.J. Kayfus","CLE",,"C.J. Kayfus",33704,692216
"Ryan McBroom","KCR",,"Ryan McBroom",16524,643436
"Rodolfo Castro","- - -",,"Rodolfo Castro",21987,666801
"Dylan Cease","- - -",,"Dylan Cease",18525,656302
"Anthony Bemboom","- - -",,"Anthony Bemboom",13854,621532
"Esteban Quiroz","CHC",,"Esteban Quiroz",19780,606019
"Jack Mayfield","- - -",,"Jack Mayfield",15402,608686
"Ehire Adrianza","- - -",,"Ehire Adrianza",8418,501303
"Marwin Gonzalez","- - -",,"Marwin Gonzalez",5497,503556
"Yohel Pozo","- - -",,"Yohel Pozo",18848,650968
"Anthony Alford","- - -",,"Anthony Alford",14329,546990
"Monte Harrison","- - -",,"Monte Harrison",17216,656509
"Ryan Weathers","- - -",,"Ryan Weathers",23796,677960
"Liover Peguero","PIT",,"Liover Peguero",24273,678894
"Trevor Williams","- - -",,"Trevor Williams",16977,592866
"Brian Serven","- - -",,"Brian Serven",19422,661531
"Daniel Camarena","SDP",,"Daniel Camarena",14467,547176
"Rowdy Tellez","- - -",,"Rowdy Tellez",15679,642133
"Jerad Eickhoff","- - -",,"Jerad Eickhoff",12664,595191
"Meibrys Viloria","- - -",,"Meibrys Viloria",17109,650619
"John Rave","KCR",,"John Rave",26284,670231
"Luis Castillo","- - -",,"Luis Castillo",15689,622491
"Spencer Howard","- - -",,"Spencer Howard",23252,675921
"Brett Harris","OAK",,"Brett Harris",29788,695391
"Elliot Soto","LAA",,"Elliot Soto",11155,519303
"Sean Bouchard","COL",,"Sean Bouchard",21270,656248
"Jorge Ona","SDP",,"Jorge Ona",20040,671250
"Corbin Burnes","- - -",,"Corbin Burnes",19361,669203
"Billy Hamilton","- - -",,"Billy Hamilton",10199,571740
"Ryan Ritter","COL",,"Ryan Ritter",31500,690022
"Brice Matthews","HOU",,"Brice Matthews",33280,694728
"Gosuke Katoh","TOR",,"Gosuke Katoh",15697,641741
"Dominic Fletcher","- - -",,"Dominic Fletcher",26149,666150
"Curtis Mead","- - -",,"Curtis Mead",23986,678554
"Matthew Boyd","- - -",,"Matthew Boyd",15440,571510
"Hanser Alberto","- - -",,"Hanser Alberto",11902,593643
"Jose Quintana","- - -",,"Jose Quintana",11423,500779
"Tony Gonsolin","LAD",,"Tony Gonsolin",19388,664062
"Stephen Strasburg","WSN",,"Stephen Strasburg",10131,544931
"Dustin Harris","TEX",,"Dustin Harris",25705,687957
"Deven Marrero","- - -",,"Deven Marrero",13325,571918
"Matt Reynolds","- - -",,"Matt Reynolds",13788,608703
"Jake Faria","- - -",,"Jake Faria",13699,607188
"Austin Voth","- - -",,"Austin Voth",15047,608723
"Ryan Lavarnway","- - -",,"Ryan Lavarnway",8879,543432
"Kameron Misner","TBR",,"Kameron Misner",26374,670224
"Ben DeLuzio","STL",,"Ben DeLuzio",19644,641512
"Drew Gilbert","SFG",,"Drew Gilbert",31545,687551
"Garrett Cleavinger","- - -",,"Garrett Cleavinger",17897,664076
"Sean Reid-Foley","- - -",,"Sean Reid-Foley",17034,656887
"Andy Burns","LAD",,"Andy Burns",12779,542992
"Mario Feliciano","MIL",,"Mario Feliciano",20263,666128
"Alex Gordon","KCR",,"Alex Gordon",5209,460086
"Marcus Stroman","- - -",,"Marcus Stroman",13431,573186
"René Rivera","- - -",,"Rene Rivera",3648,425784
"Brett Wisely","- - -",,"Brett Wisely",27735,689172
"Jose Alvarez","- - -",,"Jose Alvarez",5358,501625
"Zack Wheeler","PHI",,"Zack Wheeler",10310,554430
"Josh Tomlin","ATL",,"Josh Tomlin",9388,458708
"Mason McCoy","- - -",,"Mason McCoy",22232,669200
"Jhonny Pereda","- - -",,"Jhonny Pereda",19802,640902
"Andrew Heaney","- - -",,"Andrew Heaney",15423,571760
"Clint Frazier","- - -",,"Clint Frazier",15983,640449
"Johan Oviedo","- - -",,"Johan Oviedo",22487,670912
"Tristan Gray","- - -",,"Tristan Gray",19877,656484
"Jonathan Lucroy","- - -",,"Jonathan Lucroy",7870,518960
"Logan Porter","- - -",,"Logan Porter",20626,682515
"Logan Driscoll","TBR",,"Logan Driscoll",25475,686482
"Blake Dunn","CIN",,"Blake Dunn",29487,694362
"Kyle Wright","ATL",,"Kyle Wright",19665,657140
"Petey Halpin","CLE",,"Petey Halpin",27931,690984
"Kyle Gibson","- - -",,"Kyle Gibson",10123,502043
"Taylor Davis","PIT",,"Taylor Davis",12782,543089
"Dakota Hudson","- - -",,"Dakota Hudson",19206,641712
"Patrick Kivlehan","SDP",,"Patrick Kivlehan",13910,623182
"George Valera","CLE",,"George Valera",22541,671655
"Ryan LaMarre","NYY",,"Ryan LaMarre",10700,534606
"Ryne Nelson","ARI",,"Ryne Nelson",26253,669194
"Jo Adell","LAA",,"Jo Adell",20220,666176
"Tommy Hunter","- - -",,"Tommy Hunter",1157,488984
"Connor Overton","- - -",,"Connor Overton",18376,656818
"Greg Jones","- - -",,"Greg Jones",25448,675659
"Daniel Bard","COL",,"Daniel Bard",7115,453268
"Jaylin Davis","- - -",,"Jaylin Davis",19552,664041
"James Kaprielian","OAK",,"James Kaprielian",18331,621076
"Patrick Corbin","- - -",,"Patrick Corbin",9323,571578
"Justin Dunn","- - -",,"Justin Dunn",19268,643290
"Dexter Fowler","- - -",,"Dexter Fowler",4062,451594
"Dane Dunning","- - -",,"Dane Dunning",19409,641540
"P.J. Higgins","CHC",,"P.J. Higgins",18433,664731
"Justus Sheffield","SEA",,"Justus Sheffield",17285,656954
"Cal Quantrill","- - -",,"Cal Quantrill",19312,615698
"Triston McKenzie","CLE",,"Triston McKenzie",18000,663474
"Bailey Ober","MIN",,"Bailey Ober",21224,641927
"Jordan Yamamoto","- - -",,"Jordan Yamamoto",17585,657141
"Weston Wilson","PHI",,"Weston Wilson",19358,642215
"Garrett Whitlock","BOS",,"Garrett Whitlock",20191,676477
"César Puello","BOS",,"Cesar Puello",7216,527049
"Adam Wainwright","STL",,"Adam Wainwright",2233,425794
"John Means","BAL",,"John Means",16269,607644
"Steven Brault","- - -",,"Steven Brault",15291,643230
"Michael Lorenzen","- - -",,"Michael Lorenzen",14843,547179
"Robinson Canó","- - -",,"Robinson Cano",3269,429664
"Owen Caissie","CHC",,"Owen Caissie",27496,683357
"Dixon Machado","SFG",,"Dixon Machado",11472,553988
"Alex De Goti","HOU",,"Alex De Goti",19477,621008
"Garrett Richards","- - -",,"Garrett Richards",9784,572070
"Jake Brentz","KCR",,"Jake Brentz",17783,641394
"Trevor Richards","- - -",,"Trevor Richards",19309,670950
"Ivan Castillo","SDP",,"Ivan Castillo",15971,622668
"Mark Contreras","MIN",,"Mark Contreras",20122,676628
"Victor Mesa Jr.","MIA",,"Victor Mesa Jr.",25999,683748
"Caleb Smith","- - -",,"Caleb Smith",14875,592761
"Zach Davies","- - -",,"Zach Davies",13183,605200
"Phil Bickford","- - -",,"Phil Bickford",18519,641360
"Cory Abbott","- - -",,"Cory Abbott",20277,676265
"Kohl Stewart","CHC",,"Kohl Stewart",15502,640464
"Taylor Clarke","- - -",,"Taylor Clarke",17611,664199
"Lucas Giolito","- - -",,"Lucas Giolito",15474,608337
"Aaron Civale","- - -",,"Aaron Civale",19479,650644
"Jameson Taillon","- - -",,"Jameson Taillon",11674,592791
"Eduardo Núñez","NYM",,"Eduardo Nunez",6848,456488
"Wily Peralta","DET",,"Wily Peralta",7738,503449
"Walker Buehler","- - -",,"Walker Buehler",19374,621111
"Clarke Schmidt","NYY",,"Clarke Schmidt",19899,657376
"Reid Detmers","LAA",,"Reid Detmers",27468,672282
"Patrick Sandoval","LAA",,"Patrick Sandoval",19447,663776
"Hoby Milner","- - -",,"Hoby Milner",13346,571948
"Drew Maggi","PIT",,"Drew Maggi",11381,543482
"Humberto Mejía","- - -",,"Humberto Mejia",20739,650668
"Andrew Vaughn","- - -",,"Andrew Vaughn",26197,683734
"José De León","- - -",,"Jose De Leon",15463,592254
"Aaron Ashby","MIL",,"Aaron Ashby",23550,676879
"Jordy Mercer","- - -",,"Jordy Mercer",6547,474568
"Drew Rasmussen","- - -",,"Drew Rasmussen",25385,656876
"José Urquidy","- - -",,"Jose Urquidy",18413,664353
"Cole Irvin","- - -",,"Cole Irvin",19244,608344
"Austin Allen","OAK",,"Austin Allen",18083,664119
"Dylan Bundy","- - -",,"Dylan Bundy",12917,605164
"Alfonso Rivas III","- - -",,"Alfonso Rivas III",21560,663845
"Zack Littell","- - -",,"Zack Littell",15823,641793
"Austin Davis","- - -",,"Austin Davis",17117,656354
"Craig Stammen","SDP",,"Craig Stammen",7274,489334
"Corbin Martin","- - -",,"Corbin Martin",19884,656686
"Brooks Lee","MIN",,"Brooks Lee",31595,686797
"Ronald Guzmán","- - -",,"Ronald Guzman",14388,608597
"Brian Miller","MIA",,"Brian Miller",20047,675649
"Adrian Houser","- - -",,"Adrian Houser",12718,605288
"Jon Duplantier","ARI",,"Jon Duplantier",19546,641541
"Casey Mize","DET",,"Casey Mize",20492,663554
"Justin Bruihl","- - -",,"Justin Bruihl",23779,677865
"Edward Cabrera","MIA",,"Edward Cabrera",21690,665795
"Nathan Eovaldi","- - -",,"Nathan Eovaldi",9132,543135
"Tony Santillan","CIN",,"Tony Santillan",19926,663574
"Brian O'Grady","- - -",,"Brian O'Grady",16729,657434
"Kenedy Corona","HOU",,"Kenedy Corona",26244,685744
"Braxton Garrett","MIA",,"Braxton Garrett",21844,666129
"Hayden Senger","NYM",,"Hayden Senger",21489,663584
"Óscar Hernández","KCR",,"Oscar Hernandez",13490,591712
"Paolo Espino","- - -",,"Paolo Espino",8246,502179
"Ross Detwiler","- - -",,"Ross Detwiler",2859,446321
"Lance Lynn","- - -",,"Lance Lynn",2520,458681
"Edwin Uceta","- - -",,"Edwin Uceta",20539,670955
"Edwin Rios","- - -",,"Edwin Rios",18316,621458
"Erick Castillo","CHC",,"Erick Castillo",12990,602080
"Dom Nuñez","- - -",,"Dom Nunez",15055,624513
"Payton Henry","MIA",,"Payton Henry",22164,668721
"Evan Phillips","- - -",,"Evan Phillips",17734,623465
"Tim Tawa","ARI",,"Tim Tawa",29571,694374
"Kwang Hyun Kim","STL",,"Kwang Hyun Kim",27458,547942
"Kyle Karros","COL",,"Kyle Karros",33252,691720
"Alex Vesia","- - -",,"Alex Vesia",25007,681911
"Jesús Luzardo","- - -",,"Jesus Luzardo",19959,666200
"Tejay Antone","CIN",,"Tejay Antone",16233,622088
"Seth Frankoff","- - -",,"Seth Frankoff",11346,571676
"Jakson Reetz","- - -",,"Jakson Reetz",17837,656883
"Nick Markakis","ATL",,"Nick Markakis",5930,455976
"Zach Thompson","- - -",,"Zach Thompson",16094,605507
"Keegan Thompson","CHC",,"Keegan Thompson",19795,624522
"John Andreoli","SDP",,"John Andreoli",13012,607430
"Tyler Wade","- - -",,"Tyler Wade",15730,642180
"Wynton Bernard","COL",,"Wynton Bernard",13408,592144
"Colby Thomas","ATH",,"Colby Thomas",31855,687515
"Marcus Wilson","SEA",,"Marcus Wilson",17910,657129
"Deivy Grullón","BOS",,"Deivy Grullon",15988,620453
"Chi Chi González","- - -",,"Chi Chi Gonzalez",14663,592346
"Vince Velasquez","- - -",,"Vince Velasquez",11189,592826
"Zach DeLoach","CHW",,"Zach DeLoach",27471,676113
"Kyle Garlick","- - -",,"Kyle Garlick",18063,664247
"Austin Adams","- - -",,"Austin Adams",13801,613534
"Tim Hill","- - -",,"Tim Hill",16814,657612
"Michael Fulmer","- - -",,"Michael Fulmer",13218,605242
"Mickey McDonald","OAK",,"Mickey McDonald",20533,676782
"Scott McGough","- - -",,"Scott McGough",12056,543518
"Jhostynxon Garcia","BOS",,"Jhostynxon Garcia",28142,691373
"Terrance Gore","- - -",,"Terrance Gore",13658,605253
"Kenta Maeda","- - -",,"Kenta Maeda",18498,628317
"Mitch Keller","PIT",,"Mitch Keller",17594,656605
"Andrew Susac","PIT",,"Andrew Susac",13132,572180
"Taylor Trammell","- - -",,"Taylor Trammell",19960,666211
"Ashton Goudeau","- - -",,"Ashton Goudeau",15139,623485
"Mark Kolozsvary","- - -",,"Mark Kolozsvary",21304,656627
"Robert Gsellman","- - -",,"Robert Gsellman",13696,607229
"Rafael Flores Jr.","PIT",,"Rafael Flores Jr.",31991,804668
"Joe Perez","HOU",,"Joe Perez",22254,669309
"Kyle Muller","- - -",,"Kyle Muller",20167,666205
"David Robertson","- - -",,"David Robertson",8241,502085
"Luis Alexander Basabe","SFG",,"Luis Alexander Basabe",17839,642772
"José Alvarado","- - -",,"Jose Alvarado",17780,621237
"Jack Leiter","TEX",,"Jack Leiter",30146,683004
"Josh Sborz","- - -",,"Josh Sborz",18323,622250
"Shinnosuke Ogasawara","WSN",,"Shinnosuke Ogasawara",35324,829272
"Jake Diekman","- - -",,"Jake Diekman",5003,518617
"Josh Fleming","- - -",,"Josh Fleming",20418,676596
"Phil Maton","- - -",,"Phil Maton",18064,664208
"Sam Hentges","CLE",,"Sam Hentges",18548,656529
"Logan Allen","- - -",,"Logan Allen",18555,663531
"J.C. Mejía","- - -",,"J.C. Mejia",20617,650496
"Nestor Cortes","- - -",,"Nestor Cortes",17874,641482
"Danny Coulombe","- - -",,"Danny Coulombe",13293,543056
"Charlie Barnes","MIN",,"Charlie Barnes",19865,656212
"Mark Melancon","- - -",,"Mark Melancon",4264,453343
"Pedro Avila","- - -",,"Pedro Avila",18864,658648
"Adrian Morejon","SDP",,"Adrian Morejon",20039,670970
"Jake Odorizzi","- - -",,"Jake Odorizzi",6397,543606
"Nick Tropeano","- - -",,"Nick Tropeano",12385,607374
"Seth Lugo","- - -",,"Seth Lugo",12447,607625
"Anthony Banda","- - -",,"Anthony Banda",14706,607455
"Jake Reed","- - -",,"Jake Reed",16209,596082
"Drew Smith","NYM",,"Drew Smith",17755,622098
"Stephen Nogosek","NYM",,"Stephen Nogosek",19545,668665
"Yennsy Díaz","NYM",,"Yennsy Diaz",20218,660546
"Thomas Szapucki","- - -",,"Thomas Szapucki",21065,663378
"John King","- - -",,"John King",22051,667463
"Drew Hutchison","DET",,"Drew Hutchison",10732,571800
"José Ureña","- - -",,"Jose Urena",11589,570632
"Matt Manning","DET",,"Matt Manning",20369,666159
"Rony García","DET",,"Rony Garcia",20430,665621
"Tyler Chatwood","- - -",,"Tyler Chatwood",4338,543022
"Jay Jackson","- - -",,"Jay Jackson",7432,543351
"John Brebbia","- - -",,"John Brebbia",12777,605154
"Matt Wisler","- - -",,"Matt Wisler",12804,605538
"Sam Selman","- - -",,"Sam Selman",13397,572125
"José Ruiz","- - -",,"Jose Ruiz",14552,614179
"Michael Kopech","- - -",,"Michael Kopech",17282,656629
"Tony Watson","- - -",,"Tony Watson",3132,453265
"Alex Cobb","- - -",,"Alex Cobb",6562,502171
"José Suarez","- - -",,"Jose Suarez",19911,660761
"Packy Naughton","- - -",,"Packy Naughton",23292,676050
"Kenley Jansen","- - -",,"Kenley Jansen",3096,445276
"Nate Jones","- - -",,"Nate Jones",4696,518858
"James Sherfy","- - -",,"James Sherfy",15118,642073
"Yefry Ramírez","LAD",,"Yefry Ramirez",15655,606162
"Thomas Eshelman","BAL",,"Thomas Eshelman",18361,664045
"Tyler Webb","STL",,"Tyler Webb",14974,643778
"Alex Reyes","STL",,"Alex Reyes",15015,621052
"Brandon Waddell","- - -",,"Brandon Waddell",18347,663399
"Junior Fernández","- - -",,"Junior Fernandez",18496,658551
"Johnny Cueto","- - -",,"Johnny Cueto",6893,456501
"Craig Kimbrel","- - -",,"Craig Kimbrel",6655,518886
"Dan Winkler","CHC",,"Dan Winkler",12237,595465
"Jake Jewell","CHC",,"Jake Jewell",16958,657228
"Scott Effross","- - -",,"Scott Effross",18384,664123
"Michael Rucker","CHC",,"Michael Rucker",19454,621074
"Manuel Rodríguez","- - -",,"Manuel Rodriguez",20794,655889
"Alek Manoah","TOR",,"Alek Manoah",26410,666201
"Tyler Zuber","- - -",,"Tyler Zuber",20379,676604
"Shelby Miller","- - -",,"Shelby Miller",10197,571946
"Jordan Zimmermann","- - -",,"Jordan Zimmermann",4505,519455
"Josh Lindblom","MIL",,"Josh Lindblom",7882,458676
"Zack Godley","- - -",,"Zack Godley",14862,643327
"Justin Topa","- - -",,"Justin Topa",15145,623437
"Miguel Sánchez","MIL",,"Miguel Sanchez",20074,667376
"Alec Bettinger","MIL",,"Alec Bettinger",20312,676424
"Javy Guerra","WSN",,"Javy Guerra",7407,457915
"Kyle McGowin","WSN",,"Kyle McGowin",15071,641851
"Wander Suero","- - -",,"Wander Suero",15855,593833
"Patrick Murphy","- - -",,"Patrick Murphy",19712,641907
"Richard Bleier","- - -",,"Richard Bleier",7803,542947
"Luís Madero","MIA",,"Luis Madero",20399,650347
"Héctor Neris","- - -",,"Hector Neris",11804,593576
"Archie Bradley","- - -",,"Archie Bradley",12918,605151
"Sam Coonrod","- - -",,"Sam Coonrod",17264,656322
"JD Hammer","PHI",,"JD Hammer",19548,670456
"Adonis Medina","- - -",,"Adonis Medina",19903,658431
"Ramón Rosso","PHI",,"Ramon Rosso",20368,665759
"Hans Crouse","- - -",,"Hans Crouse",22192,668968
"Nick Ciuffo","BAL",,"Nick Ciuffo",16291,624419
"Clay Holmes","- - -",,"Clay Holmes",13649,605280
"David Bednar","- - -",,"David Bednar",19569,670280
"Sean Poppen","- - -",,"Sean Poppen",19583,664092
"Nick Mears","- - -",,"Nick Mears",25376,683232
"Edgar Santana","ATL",,"Edgar Santana",17355,650828
"A.J. Minter","- - -",,"A.J. Minter",18655,621345
"Chris Sale","- - -",,"Chris Sale",10603,519242
"Tanner Houck","BOS",,"Tanner Houck",19879,656557
"Dillon Peters","- - -",,"Dillon Peters",18790,596071
"R.J. Alaniz","CIN",,"R.J. Alaniz",10819,595798
"Heath Hembree","- - -",,"Heath Hembree",11632,592390
"Ryan Hendrix","CIN",,"Ryan Hendrix",19535,641682
"Ryan Castellani","- - -",,"Ryan Castellani",16377,624418
"Ryan Feltner","COL",,"Ryan Feltner",21446,663372
"David Peterson","NYM",,"David Peterson",20302,656849
"Corey Ray","MIL",,"Corey Ray",19170,641999
"Brian Goodwin","- - -",,"Brian Goodwin",12858,571718
"Jonah Bride","- - -",,"Jonah Bride",24703,681146
"Jeff Hoffman","- - -",,"Jeff Hoffman",17432,656546
"Cody Thomas","OAK",,"Cody Thomas",19828,642137
"Eric Campbell","SEA",,"Eric Campbell",6938,493472
"Justin Dean","LAD",,"Justin Dean",25005,681909
"Dinelson Lamet","- - -",,"Dinelson Lamet",17186,659275
"Alex Kirilloff","MIN",,"Alex Kirilloff",20325,666135
"David Bañuelos","BAL",,"David Banuelos",23250,675915
"Brandon Woodruff","MIL",,"Brandon Woodruff",16162,605540
"Maikel Franco","- - -",,"Maikel Franco",12179,596748
"Renato Núñez","- - -",,"Renato Nunez",14503,600524
"Chris Bassitt","- - -",,"Chris Bassitt",12304,605135
"Tyler Glasnow","- - -",,"Tyler Glasnow",14374,607192
"Darren McCaughan","- - -",,"Darren McCaughan",20038,670766
"Yusei Kikuchi","- - -",,"Yusei Kikuchi",20633,579328
"Eli Morgan","- - -",,"Eli Morgan",20203,669212
"Corey Kluber","- - -",,"Corey Kluber",2429,446372
"Joe Ryan","MIN",,"Joe Ryan",21390,657746
"Cheslor Cuthbert","CHW",,"Cheslor Cuthbert",10473,596144
"Emilio Pagán","- - -",,"Emilio Pagan",14771,641941
"Zack Greinke","- - -",,"Zack Greinke",1943,425844
"Corey Oswalt","NYM",,"Corey Oswalt",13677,621261
"Mike Foltynewicz","- - -",,"Mike Foltynewicz",10811,592314
"Kolby Allard","- - -",,"Kolby Allard",18694,663465
"Kohei Arihara","TEX",,"Kohei Arihara",27505,685503
"Jarlín García","SFG",,"Jarlin Garcia",18282,606424
"Caleb Baragar","SFG",,"Caleb Baragar",19231,670056
"Dallas Keuchel","- - -",,"Dallas Keuchel",9434,572971
"Junior Guerra","- - -",,"Junior Guerra",5702,448855
"Corey Knebel","- - -",,"Corey Knebel",15010,608349
"Dennis Santana","- - -",,"Dennis Santana",17878,642701
"Brusdar Graterol","LAD",,"Brusdar Graterol",20367,660813
"Jorge López","- - -",,"Jorge Lopez",14527,605347
"Keegan Akin","BAL",,"Keegan Akin",19362,669211
"Seth Elledge","STL",,"Seth Elledge",19766,676220
"Yusniel Díaz","BAL",,"Yusniel Diaz",18905,666783
"Chris Roller","MIL",,"Chris Roller",23557,676896
"Rex Brothers","CHC",,"Rex Brothers",9794,571521
"Kyle Ryan","CHC",,"Kyle Ryan",11753,594986
"Tommy Nance","- - -",,"Tommy Nance",19178,667297
"Steven Matz","- - -",,"Steven Matz",13361,571927
"Jakob Junis","- - -",,"Jakob Junis",13619,596001
"Luke Weaver","- - -",,"Luke Weaver",16918,596133
"Hunter Strickland","- - -",,"Hunter Strickland",7836,519326
"Daniel Norris","- - -",,"Daniel Norris",13475,596057
"Jandel Gustave","MIL",,"Jandel Gustave",14665,594311
"Ryne Harper","WSN",,"Ryne Harper",12680,607560
"Sam Clay","- - -",,"Sam Clay",16279,621348
"Jefry Rodriguez","WSN",,"Jefry Rodriguez",17018,622446
"Joan Adon","WSN",,"Joan Adon",22925,672851
"Steven Okert","- - -",,"Steven Okert",13580,595345
"Adam Cimber","- - -",,"Adam Cimber",15288,643256
"Anthony Bender","MIA",,"Anthony Bender",19742,669622
"Zach Pop","- - -",,"Zach Pop",20185,647315
"Chris Stratton","- - -",,"Chris Stratton",13761,608717
"Tanner Anderson","PIT",,"Tanner Anderson",18029,664196
"Jacob Webb","- - -",,"Jacob Webb",19274,657097
"Spencer Strider","ATL",,"Spencer Strider",27498,675911
"Nick Pivetta","- - -",,"Nick Pivetta",15454,601713
"Eric Yang","CIN",,"Eric Yang",27698,687066
"Tyler Ladendorf","CHC",,"Tyler Ladendorf",3211,502285
"Anderson Tejeda","TEX",,"Anderson Tejeda",19909,660731
"Cody Wilson","WSN",,"Cody Wilson",24671,680963
"Sonny Gray","- - -",,"Sonny Gray",12768,543243
"Lucas Sims","- - -",,"Lucas Sims",13470,608371
"Sal Romano","- - -",,"Sal Romano",13690,607219
"Carson Fulmer","- - -",,"Carson Fulmer",18311,608334
"Cionel Pérez","- - -",,"Cionel Perez",19614,672335
"José Briceño","LAA",,"Jose Briceno",13151,593993
"Griffin Canning","- - -",,"Griffin Canning",19867,656288
"Agustín Ramírez","MIA",,"Agustin Ramirez",26546,682663
"Peter Lambert","COL",,"Peter Lambert",17969,663567
"Jason Krizan","SFG",,"Jason Krizan",12394,607249
"Luis Marté","MIA",,"Luis Marte",14515,606336
"Tyler Anderson","- - -",,"Tyler Anderson",12880,542881
"Alejandro Osuna","TEX",,"Alejandro Osuna",27915,696030
"Shin-Soo Choo","TEX",,"Shin-Soo Choo",3174,425783
"Trevor Cahill","- - -",,"Trevor Cahill",6249,502239
"Michael Wacha","- - -",,"Michael Wacha",14078,608379
"Chris Flexen","- - -",,"Chris Flexen",13896,623167
"Jacob Wilson","- - -",,"Jacob Wilson",13254,607111
"Endy Rodríguez","PIT",,"Endy Rodriguez",25332,682848
"Domingo Germán","- - -",,"Domingo German",17149,593334
"Tyler Alexander","- - -",,"Tyler Alexander",17735,641302
"Phillip Ervin","- - -",,"Phillip Ervin",14738,640447
"Michael Pineda","- - -",,"Michael Pineda",5372,501381
"Griffin Jax","- - -",,"Griffin Jax",20253,643377
"Nick Ramirez","- - -",,"Nick Ramirez",12575,598286
"Miguel Díaz","- - -",,"Miguel Diaz",18815,622766
"Tarik Skubal","DET",,"Tarik Skubal",22267,669373
"Colin Rea","- - -",,"Colin Rea",12317,607067
"Carlos Rodón","- - -",,"Carlos Rodon",16137,607074
"Wilfredo Tovar","NYM",,"Wilfredo Tovar",10416,541600
"Jaime Barria","LAA",,"Jaime Barria",18356,642545
"Joe Kelly","- - -",,"Joe Kelly",9761,523260
"Jimmy Nelson","LAD",,"Jimmy Nelson",10547,519076
"Chandler Seagle","SDP",,"Chandler Seagle",23552,676882
"Shawn Morimando","MIA",,"Shawn Morimando",13606,596049
"Miguel Yajure","- - -",,"Miguel Yajure",21111,664337
"Jesse Chavez","- - -",,"Jesse Chavez",5448,445926
"Martín Pérez","- - -",,"Martin Perez",6902,527048
"Jake Noll","WSN",,"Jake Noll",19703,669738
"JT Brubaker","- - -",,"JT Brubaker",17578,664141
"Nomar Mazara","- - -",,"Nomar Mazara",14553,608577
"Sam Long","- - -",,"Sam Long",25379,669674
"Sean Newcomb","- - -",,"Sean Newcomb",16943,656794
"Yency Almonte","- - -",,"Yency Almonte",15068,622075
"Aristides Aquino","CIN",,"Aristides Aquino",15482,606157
"Jordan Holloway","MIA",,"Jordan Holloway",20631,656548
"Frankie Montas","- - -",,"Frankie Montas",14309,593423
"Ryan Yarbrough","- - -",,"Ryan Yarbrough",16502,642232
"Marco Gonzales","- - -",,"Marco Gonzales",15467,594835
"Tyler Payne","CHC",,"Tyler Payne",21139,665066
"Justin Steele","CHC",,"Justin Steele",17312,657006
"Jordan Montgomery","- - -",,"Jordan Montgomery",16511,656756
"Nate Mondou","OAK",,"Nate Mondou",19563,670148
"Chase De Jong","- - -",,"Chase De Jong",15036,608328
"Framber Valdez","HOU",,"Framber Valdez",17295,664285
"Drew Jackson","OAK",,"Drew Jackson",17807,623515
"Lance McCullers Jr.","HOU",,"Lance McCullers Jr.",14120,621121
"Scott Kazmir","SFG",,"Scott Kazmir",4897,431148
"Bobby Bradley","CLE",,"Bobby Bradley",17278,656252
"Donny Sands","PHI",,"Donny Sands",18603,664848
"José Berríos","- - -",,"Jose Berrios",14168,621244
"Robert Stock","- - -",,"Robert Stock",6576,476594
"Dustin May","- - -",,"Dustin May",19716,669160
"Andre Jackson","- - -",,"Andre Jackson",21298,656578
"Bruce Zimmermann","- - -",,"Bruce Zimmermann",20370,669145
"Cody Poteet","- - -",,"Cody Poteet",18769,547001
"Taijuan Walker","- - -",,"Taijuan Walker",11836,592836
"Hyun Jin Ryu","TOR",,"Hyun Jin Ryu",14444,547943
"Carlos Hernández","- - -",,"Carlos Hernandez",22713,672578
"Alex Young","- - -",,"Alex Young",18333,622065
"Brent Suter","- - -",,"Brent Suter",13942,608718
"David Hess","- - -",,"David Hess",16130,605276
"Kevin Alcántara","CHC",,"Kevin Alcantara",25971,682634
"Duane Underwood Jr.","- - -",,"Duane Underwood Jr.",14677,621249
"Harry Ford","SEA",,"Harry Ford",29958,695670
"Pete Kozma","OAK",,"Pete Kozma",2539,518902
"Jack Larsen","SEA",,"Jack Larsen",20510,677223
"Narciso Crook","CHC",,"Narciso Crook",17473,643271
"Rhylan Thomas","SEA",,"Rhylan Thomas",31793,689041
"Alan Roden","- - -",,"Alan Roden",31564,702176
"Derek Fisher","- - -",,"Derek Fisher",16192,605233
"Tyler Black","MIL",,"Tyler Black",29949,672012
"Daniel Ponce de Leon","STL",,"Daniel Ponce de Leon",16110,594965
"Hunter Owen","PIT",,"Hunter Owen",20034,670462
"Robbie Ray","- - -",,"Robbie Ray",11486,592662
"Kris Bubic","KCR",,"Kris Bubic",21455,663460
"Daniel Castano","MIA",,"Daniel Castano",19805,641447
"Paul Campbell","MIA",,"Paul Campbell",22248,669294
"Bailey Falter","- - -",,"Bailey Falter",20070,663559
"Sean Kazmar Jr.","ATL",,"Sean Kazmar Jr.",7349,453527
"Rich Hill","- - -",,"Rich Hill",4806,448179
"John Curtiss","- - -",,"John Curtiss",16128,595928
"Jake Woodford","- - -",,"Jake Woodford",18674,663765
"Joey Lucchesi","- - -",,"Joey Lucchesi",19320,664192
"Shane Bieber","- - -",,"Shane Bieber",19427,669456
"Símon Muzziotti","PHI",,"Simon Muzziotti",19553,665922
"Dawel Lugo","DET",,"Dawel Lugo",14713,608475
"Luis Garcia","HOU",,"Luis Garcia",23735,677651
"Jordan Groshans","MIA",,"Jordan Groshans",23794,677954
"C.J. Stubbs","WSN",,"C.J. Stubbs",25814,667690
"Jordan Lyles","- - -",,"Jordan Lyles",7593,543475
"Caleb Joseph","TOR",,"Caleb Joseph",7087,543376
"Matt Harvey","- - -",,"Matt Harvey",11713,518774
"Orelvis Martinez","TOR",,"Orelvis Martinez",25967,682619
"Ross Stripling","- - -",,"Ross Stripling",13273,548389
"Jake Cave","- - -",,"Jake Cave",14477,595909
"Matt Wieters","STL",,"Matt Wieters",4298,446308
"Sean Nolin","- - -",,"Sean Nolin",11341,543594
"Tucker Davidson","- - -",,"Tucker Davidson",19871,656353
"Miles Mikolas","STL",,"Miles Mikolas",9803,571945
"Eduardo Rodriguez","- - -",,"Eduardo Rodriguez",13164,593958
"Kyle Hendricks","- - -",,"Kyle Hendricks",12049,543294
"Willie MacIver","ATH",,"Willie MacIver",24641,680862
"Jared Hoying","TOR",,"Jared Hoying",10882,592419
"Gustavo Campero","LAA",,"Gustavo Campero",22707,672569
"Mike Minor","- - -",,"Mike Minor",10021,501985
"Brad Keller","- - -",,"Brad Keller",15734,641745
"José Fermín","STL",,"Jose Fermin",21746,665877
"Cody Ponce","PIT",,"Cody Ponce",17920,664074
"Nick Neidert","MIA",,"Nick Neidert",18699,663734
"Trey Amburgey","NYY",,"Trey Amburgey",18425,664011
"Luis Campusano","SDP",,"Luis Campusano",22217,669134
"Blake Snell","- - -",,"Blake Snell",13543,605483
"Ford Proctor","SFG",,"Ford Proctor",21634,665154
"Taylor Widener","ARI",,"Taylor Widener",19266,642203
"Ben Gamel","- - -",,"Ben Gamel",12160,592325
"Touki Toussaint","- - -",,"Touki Toussaint",16929,657053
"Yadiel Rivera","TEX",,"Yadiel Rivera",11863,592680
"Ryan Cordell","NYM",,"Ryan Cordell",15181,641477
"Reiss Knehr","SDP",,"Reiss Knehr",21541,663753
"Joey Rickard","SFG",,"Joey Rickard",13277,572073
"Dilson Herrera","BAL",,"Dilson Herrera",14335,599096
"Juniel Querecuto","STL",,"Juniel Querecuto",12140,578570
"Kramer Robertson","STL",,"Kramer Robertson",20022,670298
"Humberto Arteaga","WSN",,"Humberto Arteaga",13595,600858
"Ryan Dorow","TEX",,"Ryan Dorow",23559,676900
"Reiver Sanmartin","CIN",,"Reiver Sanmartin",19754,665665
"Jhoulys Chacín","- - -",,"Jhoulys Chacin",2608,468504
"Yairo Muñoz","- - -",,"Yairo Munoz",16313,622168
"Taylor Gushue","CHC",,"Taylor Gushue",16098,656494
"Josh Rogers","- - -",,"Josh Rogers",18510,642028
"Albert Almora Jr.","- - -",,"Albert Almora Jr.",14109,546991
"Jeff Mathis","- - -",,"Jeff Mathis",3448,425772
"Carlos Martinez","STL",,"Carlos Martinez",11682,593372
"Scott Hurst","STL",,"Scott Hurst",20501,656568
"Tyler Cropley","KCR",,"Tyler Cropley",24485,680418
"Blaine Crim","- - -",,"Blaine Crim",25714,688760
"Brooks Baldwin","CHW",,"Brooks Baldwin",31394,681460
"Enmanuel Valdez","- - -",,"Enmanuel Valdez",21716,665839
"Matt Kemp","COL",,"Matt Kemp",5631,461314
"Diego Castillo","- - -",,"Diego Castillo",19906,660636
"Vladimir Gutierrez","- - -",,"Vladimir Gutierrez",19278,661269
"Emilio Bonifácio","WSN",,"Emilio Bonifacio",4054,466988
"Rio Ruiz","- - -",,"Rio Ruiz",14103,547004
"Dalton Rushing","LAD",,"Dalton Rushing",31382,687221
"Bryan Lavastida","CLE",,"Bryan Lavastida",24765,681526
"Jordan Beck","COL",,"Jordan Beck",31431,687597
"Ryon Healy","MIL",,"Ryon Healy",15447,592387
"J.A. Happ","- - -",,"J.A. Happ",7410,457918
"Steele Walker","TEX",,"Steele Walker",22093,667727
"Aaron Sanchez","- - -",,"Aaron Sanchez",11490,592717
"Nick Yorke","PIT",,"Nick Yorke",27504,694377
"Daniel Robertson","- - -",,"Daniel Robertson",14145,621002
"Brewer Hicklen","- - -",,"Brewer Hicklen",20450,676551
"Miguel Vargas","- - -",,"Miguel Vargas",20178,678246
"Sandro Fabian","TEX",,"Sandro Fabian",19910,660758
"Yu Darvish","- - -",,"Yu Darvish",13074,506433
"Cam Eden","TOR",,"Cam Eden",25476,686490
"Jerar Encarnacion","- - -",,"Jerar Encarnacion",21871,666464
"Jed Lowrie","OAK",,"Jed Lowrie",4418,476704
"Tyler Gentry","KCR",,"Tyler Gentry",27784,694355
"Nabil Crismatt","- - -",,"Nabil Crismatt",17732,622503
"Jared Young","- - -",,"Jared Young",20404,676724
"Mitch White","- - -",,"Mitch White",19225,669952
"Jair Camargo","MIN",,"Jair Camargo",21730,665856
"Johneshwy Fargas","- - -",,"Johneshwy Fargas",16446,641561
"Juan Yepez","- - -",,"Juan Yepez",18400,660766
"Adrian Sampson","CHC",,"Adrian Sampson",13339,592716
"Grant Koch","PIT",,"Grant Koch",22045,667428
"Nick Plummer","NYM",,"Nick Plummer",18690,663911
"Tyler Gilbert","- - -",,"Tyler Gilbert",17964,656457
"Yoenis Cespedes","NYM",,"Yoenis Cespedes",13110,493316
"Elieser Hernández","- - -",,"Elieser Hernandez",16933,622694
"Merrill Kelly","- - -",,"Merrill Kelly",11156,518876
"Tyler Callihan","CIN",,"Tyler Callihan",27497,682997
"Greg Garcia","SDP",,"Greg Garcia",10951,594824
"Sean Rodríguez","MIA",,"Sean Rodriguez",6589,446481
"Adeiny Hechavarría","ATL",,"Adeiny Hechavarria",10459,588751
"José Tena","- - -",,"Jose Tena",23691,677588
"Ronnie Dawson","- - -",,"Ronnie Dawson",19710,669008
"Duke Ellis","- - -",,"Duke Ellis",27543,668752
"Chad Kuhl","- - -",,"Chad Kuhl",14975,641771
"Maximo Acosta","MIA",,"Maximo Acosta",27963,691185
"Josiah Gray","- - -",,"Josiah Gray",24580,680686
"Troy Stokes Jr.","PIT",,"Troy Stokes Jr.",17478,657011
"Charlie Morton","- - -",,"Charlie Morton",4676,450203
"Buddy Kennedy","- - -",,"Buddy Kennedy",22505,671083
"Yermín Mercedes","- - -",,"Yermin Mercedes",17423,606213
"José Devers","MIA",,"Jose Devers",20540,672701
"John Ryan Murphy","PIT",,"John Ryan Murphy",10346,571974
"Luis De Los Santos","TOR",,"Luis De Los Santos",21682,665782
"Tsung-Che Cheng","PIT",,"Tsung-Che Cheng",28344,691907
"Jacob Hurtubise","CIN",,"Jacob Hurtubise",27599,674441
"Wade LeBlanc","- - -",,"Wade LeBlanc",5221,453281
"Dillon Thomas","- - -",,"Dillon Thomas",12719,605504
"Brendon Davis","DET",,"Brendon Davis",18587,663478
"Luis Liberato","SDP",,"Luis Liberato",17307,642451
"César Prieto","STL",,"Cesar Prieto",30163,693409
"Yolmer Sánchez","- - -",,"Yolmer Sanchez",11602,570560
"Jamie Westbrook","BOS",,"Jamie Westbrook",15504,642197
"Michael Hermosillo","- - -",,"Michael Hermosillo",16285,641684
"Adbert Alzolay","CHC",,"Adbert Alzolay",17859,640470
"Jack Winkler","MIA",,"Jack Winkler",29830,676466
"Joe Hudson","- - -",,"Joe Hudson",14412,621529
"Freddy Peralta","MIL",,"Freddy Peralta",18679,642547
"Samad Taylor","- - -",,"Samad Taylor",22274,669392
"José Osuna","PIT",,"Jose Osuna",12937,591741
"Max Schrock","- - -",,"Max Schrock",17750,621011
"Chad Pinder","OAK",,"Chad Pinder",15191,640461
"Justin Upton","- - -",,"Justin Upton",5222,457708
"Braden Bishop","SEA",,"Braden Bishop",17806,623323
"Wil Crowe","- - -",,"Wil Crowe",19800,640444
"Chase Anderson","- - -",,"Chase Anderson",6895,502624
"Max Kranick","- - -",,"Max Kranick",22175,668820
"Nick Williams","CHW",,"Nick Williams",14330,608384
"Carlos Pérez","OAK",,"Carlos Perez",10642,542208
"Alex Blandino","CIN",,"Alex Blandino",16271,607468
"Travis Swaggerty","PIT",,"Travis Swaggerty",24491,680552
"Zach Dezenzo","HOU",,"Zach Dezenzo",31562,701305
"Brett Anderson","MIL",,"Brett Anderson",8223,474463
"Brian O'Keefe","SEA",,"Brian O'Keefe",16680,657247
"Wade Meckler","SFG",,"Wade Meckler",31490,685133
"Brian Dozier","NYM",,"Brian Dozier",9810,572821
"Taylor Kohlwey","SDP",,"Taylor Kohlwey",19212,670128
"Edgar Quero","CHW",,"Edgar Quero",28022,700337
"Jorge Bonifacio","- - -",,"Jorge Bonifacio",12174,593528
"Jacob Robson","DET",,"Jacob Robson",19528,615699
"Bryse Wilson","- - -",,"Bryse Wilson",19990,669060
"Bryce Eldridge","SFG",,"Bryce Eldridge",33390,805811
"Oliver Dunn","MIL",,"Oliver Dunn",26295,686554
"Wilmer Difo","- - -",,"Wilmer Difo",14320,594694
"Domingo Santana","CLE",,"Domingo Santana",10348,570267
"Grayson Greiner","- - -",,"Grayson Greiner",17062,606988
"Will Banfield","CIN",,"Will Banfield",23790,677943
"Neil Walker","PHI",,"Neil Walker",7539,435522
"Kristian Campbell","BOS",,"Kristian Campbell",33644,692225
"Darick Hall","PHI",,"Darick Hall",19717,669742
"Angel Martínez","CLE",,"Angel Martinez",26540,682657
"Chris Gittens","NYY",,"Chris Gittens",18482,656467
"Levi Jordan","CIN",,"Levi Jordan",25138,682119
"Alejo Lopez","CIN",,"Alejo Lopez",21127,664670
"Pablo López","- - -",,"Pablo Lopez",17085,641154
"Cameron Maybin","- - -",,"Cameron Maybin",5223,457727
"J.J. Matijevic","HOU",,"J.J. Matijevic",20165,656695
"Tyler Freeman","- - -",,"Tyler Freeman",22532,671289
"Osleivis Basabe","TBR",,"Osleivis Basabe",23985,678545
"Ryan Aguilar","LAA",,"Ryan Aguilar",19967,666922
"Andrew Romine","- - -",,"Andrew Romine",1159,461865
"Nicky Delmonico","CHW",,"Nicky Delmonico",13157,547170
"Tirso Ornelas","SDP",,"Tirso Ornelas",22566,672359
"Riley Smith","ARI",,"Riley Smith",19826,642092
"Jonatan Clase","- - -",,"Jonatan Clase",26599,682729
"Ian Anderson","- - -",,"Ian Anderson",19951,666120
"Todd Frazier","- - -",,"Todd Frazier",785,453943
"Anthony Seigler","MIL",,"Anthony Seigler",23802,678011
"Logan Morrison","MIL",,"Logan Morrison",9205,489149
"Jake Lamb","- - -",,"Jake Lamb",13329,571875
"Otto Kemp","PHI",,"Otto Kemp",31792,805249
"John Gant","- - -",,"John Gant",13684,607231
"Keston Hiura","- - -",,"Keston Hiura",20003,669374
"Josh Phegley","CHC",,"Josh Phegley",9308,572033
"Aaron Whitefield","- - -",,"Aaron Whitefield",19938,664334
"Andre Lipcius","DET",,"Andre Lipcius",25822,686531
"Carlos Carrasco","- - -",,"Carlos Carrasco",6632,471911
"Miles Mastrobuoni","- - -",,"Miles Mastrobuoni",20017,670156
"Trent Giambrone","CHC",,"Trent Giambrone",19250,623508
"Alexander Canario","- - -",,"Alexander Canario",22842,672744
"Pablo Reyes","- - -",,"Pablo Reyes",16357,622569
"Corey Julks","- - -",,"Corey Julks",20311,667452
"Connor Kaiser","- - -",,"Connor Kaiser",21535,663731
"Austin Gomber","- - -",,"Austin Gomber",16561,596295
"Gage Workman","- - -",,"Gage Workman",27573,669398
"Christian Lopes","OAK",,"Christian Lopes",13472,547173
"Terrin Vavra","BAL",,"Terrin Vavra",24400,679631
"Israel Pineda","WSN",,"Israel Pineda",22906,672832
"Howie Kendrick","WSN",,"Howie Kendrick",4229,435062
"Elier Hernandez","TEX",,"Elier Hernandez",13750,609274
"Grae Kessinger","HOU",,"Grae Kessinger",25813,666197
"Matt Moore","- - -",,"Matt Moore",1890,519043
"Andrew Young","ARI",,"Andrew Young",19521,670370
"Henry Ramos","- - -",,"Henry Ramos",11481,592656
"Chris Paddack","- - -",,"Chris Paddack",20099,663978
"Johan Camargo","- - -",,"Johan Camargo",14950,622666
"Chris Okey","- - -",,"Chris Okey",19245,608360
"Trevor Bauer","- - -",,"Trevor Bauer",12703,545333
"Jace Jung","DET",,"Jace Jung",31437,690291
"Patrick Mazeika","NYM",,"Patrick Mazeika",18142,664850
"Jonathan Ornelas","- - -",,"Jonathan Ornelas",24597,680716
"Caleb Hamilton","- - -",,"Caleb Hamilton",19842,643348
"Cal Stevenson","- - -",,"Cal Stevenson",22411,670276
"Anthony DeSclafani","- - -",,"Anthony DeSclafani",13050,543101
"Rangel Ravelo","STL",,"Rangel Ravelo",10839,592660
"Jorbit Vivas","NYY",,"Jorbit Vivas",23917,678391
"Beau Taylor","CLE",,"Beau Taylor",12384,607333
"Samuel Basallo","BAL",,"Samuel Basallo",28824,694212
"Trevor Rogers","- - -",,"Trevor Rogers",22286,669432
"Armando Alvarez","OAK",,"Armando Alvarez",19292,669137
"Alex Wood","- - -",,"Alex Wood",13781,622072
"Matthew Lugo","LAA",,"Matthew Lugo",25980,683090
"Davis Wendzel","TEX",,"Davis Wendzel",26469,673995
"Carlos Pérez","CHW",,"Carlos Perez",20805,656024
"Drew Smyly","- - -",,"Drew Smyly",11760,592767
"Brady House","WSN",,"Brady House",29993,691781
"Erick Mejia","KCR",,"Erick Mejia",15817,625510
"Wyatt Mathisen","ARI",,"Wyatt Mathisen",14555,621500
"Nate Orf","OAK",,"Nate Orf",15407,644337
"Logan Forsythe","MIA",,"Logan Forsythe",7185,523253
"Kelvin Gutiérrez","- - -",,"Kelvin Gutierrez",17468,642721
"Michael Stefanic","- - -",,"Michael Stefanic",25353,683021
"Zach Eflin","- - -",,"Zach Eflin",13774,621107
"Christian Colón","CIN",,"Christian Colon",11145,518568
"Cole Young","SEA",,"Cole Young",31680,702284
"Cody Freeman","TEX",,"Cody Freeman",25629,683227
"Jeter Downs","- - -",,"Jeter Downs",22202,669023
"Matt Gorski","PIT",,"Matt Gorski",25855,685301
"Mike Freeman","- - -",,"Mike Freeman",11241,502273
"Irving Lopez","STL",,"Irving Lopez",20463,676761
"Drew Avans","- - -",,"Drew Avans",25183,682183
"Taylor Jones","HOU",,"Taylor Jones",19533,622100
"Alec Mills","- - -",,"Alec Mills",13834,621219
"Gavin Sheets","- - -",,"Gavin Sheets",19901,657757
"Danny Santana","- - -",,"Danny Santana",10322,542454
"Nacho Alvarez Jr.","ATL",,"Nacho Alvarez Jr.",31765,805373
"Danny Mendick","- - -",,"Danny Mendick",18889,664901
"Jacob Melton","HOU",,"Jacob Melton",31661,689200
"Josh Lester","- - -",,"Josh Lester",17737,623507
"Yonny Hernández","- - -",,"Yonny Hernandez",19432,660634
"Jake Hager","- - -",,"Jake Hager",12198,606993
"Aaron Schunk","COL",,"Aaron Schunk",25524,668845
"Gerardo Parra","WSN",,"Gerardo Parra",8553,467827
"Carson Williams","TBR",,"Carson Williams",30038,700246
"Bubba Thompson","- - -",,"Bubba Thompson",22261,669352
"Ali Sánchez","- - -",,"Ali Sanchez",18551,645305
"Ryan Goins","CHW",,"Ryan Goins",9807,572365
"Eddie Rosario","- - -",,"Eddie Rosario",12155,592696
"Phillip Evans","PIT",,"Phillip Evans",12950,595943
"J.P. Martínez","- - -",,"J.P. Martinez",24451,679881
"Sandy Alcantara","MIA",,"Sandy Alcantara",18684,645261
"Zac Veen","COL",,"Zac Veen",27770,691728
"Luis Vázquez","- - -",,"Luis Vazquez",23442,676679
"Jon Gray","- - -",,"Jon Gray",14916,592351
"Tristin English","ARI",,"Tristin English",26148,663536
"Nick Heath","- - -",,"Nick Heath",19577,670084
"Hunter Feduccia","- - -",,"Hunter Feduccia",23372,676439
"Max Moroff","STL",,"Max Moroff",14556,621559
"Bubba Starling","KCR",,"Bubba Starling",13356,605490
"Joe McCarthy","SFG",,"Joe McCarthy",18399,663411
"Greg Deichmann","CHC",,"Greg Deichmann",19872,656364
"Blake Rutherford","WSN",,"Blake Rutherford",19957,666164
"Christin Stewart","DET",,"Christin Stewart",17714,621514
"Bob Seymour","TBR",,"Bob Seymour",30028,676044
"Hernán Pérez","- - -",,"Hernan Perez",5751,541650
"Jose Lobatón","CHC",,"Jose Lobaton",4243,446653
"Coby Mayo","BAL",,"Coby Mayo",28312,691723
"Kevin Cron","ARI",,"Kevin Cron",16211,605196
"Jack López","- - -",,"Jack Lopez",13663,605346
"Colton Welker","COL",,"Colton Welker",19961,666213
"Gilberto Celestino","MIN",,"Gilberto Celestino",20233,665482
"Abraham Toro","- - -",,"Abraham Toro",19844,647351
"Rob Brantly","- - -",,"Rob Brantly",10655,542963
"Jason Vosler","- - -",,"Jason Vosler",16686,613564
"Kyle Freeland","COL",,"Kyle Freeland",16256,607536
"Dustin Fowler","PIT",,"Dustin Fowler",17098,641583
"Hoy Park","- - -",,"Hoy Park",18027,660829
"Tyler Mahle","- - -",,"Tyler Mahle",16358,641816
"Chad Stevens","LAA",,"Chad Stevens",29614,677060
"Rylan Bannon","- - -",,"Rylan Bannon",19768,676625
"Oscar Gonzalez","- - -",,"Oscar Gonzalez",20970,660757
"Max Muncy","ATH",,"Max Muncy",29779,691777
"Vaughn Grissom","- - -",,"Vaughn Grissom",26031,687093
"Tristan Peters","TBR",,"Tristan Peters",30063,671976
"Daniel Johnson","- - -",,"Daniel Johnson",19643,669288
"Jorge Barrosa","ARI",,"Jorge Barrosa",23968,678489
"Andrés Chaparro","WSN",,"Andres Chaparro",21797,665953
"Warming Bernabel","COL",,"Warming Bernabel",26536,682653
"Jonathan Villar","- - -",,"Jonathan Villar",10071,542340
"Eric Wagaman","- - -",,"Eric Wagaman",23395,676572
"Jay Bruce","- - -",,"Jay Bruce",9892,457803
"Khalil Lee","NYM",,"Khalil Lee",19952,666137
"Shogo Akiyama","CIN",,"Shogo Akiyama",27461,673451
"Jarrod Dyson","- - -",,"Jarrod Dyson",4866,502481
"Coco Montes","- - -",,"Coco Montes",21547,663796
"Jake Alu","WSN",,"Jake Alu",25569,666906
"Kole Calhoun","- - -",,"Kole Calhoun",11200,594777
"Trey Cabbage","- - -",,"Trey Cabbage",21078,663550
"Kyren Paris","LAA",,"Kyren Paris",26420,677347
"Carson McCusker","MIN",,"Carson McCusker",33098,676812
"Brandon Dixon","- - -",,"Brandon Dixon",15214,641525
"Erick Fedde","- - -",,"Erick Fedde",17425,607200
"Cam Devanney","PIT",,"Cam Devanney",25688,687478
"Jimmy Crooks","STL",,"Jimmy Crooks",31354,699625
"Chris Owings","- - -",,"Chris Owings",10030,572008
"Óscar Mercado","- - -",,"Oscar Mercado",16375,640458
"Will Wilson","CLE",,"Will Wilson",25434,669717
"Jhonkensy Noel","CLE",,"Jhonkensy Noel",24257,678877
"Jon Jay","- - -",,"Jon Jay",5227,445055
"Franklin Barreto","- - -",,"Franklin Barreto",15519,620439
"Bryan Ramos","CHW",,"Bryan Ramos",25621,682868
"Mason Williams","- - -",,"Mason Williams",11859,592863
"Denzer Guzman","LAA",,"Denzer Guzman",28816,694203
"Drew Romo","COL",,"Drew Romo",27763,691011
"Robert Hassell III","WSN",,"Robert Hassell III",27482,690987
"José Godoy","- - -",,"Jose Godoy",15808,608422
"Luken Baker","STL",,"Luken Baker",21497,663609
"Pedro León","HOU",,"Pedro Leon",27781,694175
"Edwin Encarnación","CHW",,"Edwin Encarnacion",2151,429665
"Kevan Smith","- - -",,"Kevan Smith",12284,607345
"Braxton Fulford","COL",,"Braxton Fulford",29704,690924
"Bryan Holaday","- - -",,"Bryan Holaday",11287,592407
"Peyton Burdick","MIA",,"Peyton Burdick",25459,680814
"Steven Souza Jr.","- - -",,"Steven Souza Jr.",5667,519306
"Joseph Odom","- - -",,"Joseph Odom",15535,641929
"Billy McKinney","- - -",,"Billy McKinney",15654,641856
"Chad Wallach","- - -",,"Chad Wallach",17161,595453
"Zach Reks","- - -",,"Zach Reks",19667,676646
"Jason Martin","- - -",,"Jason Martin",16429,641829
"Erik González","- - -",,"Erik Gonzalez",13369,570481
"Scott Schebler","- - -",,"Scott Schebler",12225,594988
"Sherten Apostel","TEX",,"Sherten Apostel",21794,665947
"Dwight Smith Jr.","BAL",,"Dwight Smith Jr.",13473,596105
"Scott Heineman","- - -",,"Scott Heineman",14453,595981
"Jared Oliva","PIT",,"Jared Oliva",19968,666931
"Trey Sweeney","DET",,"Trey Sweeney",29575,700242
"Canaan Smith-Njigba","PIT",,"Canaan Smith-Njigba",23264,675986
"Skye Bolt","- - -",,"Skye Bolt",17723,621450
"Jorge Alfaro","- - -",,"Jorge Alfaro",12180,595751
"Andrew Velazquez","- - -",,"Andrew Velazquez",14196,623205
"Wilson Ramos","- - -",,"Wilson Ramos",1433,467092
"Joshua Fuentes","COL",,"Joshua Fuentes",16885,658069
"Brett Sullivan","- - -",,"Brett Sullivan",18217,664954
"Pablo Sandoval","- - -",,"Pablo Sandoval",5409,467055
"Antonio Senzatela","COL",,"Antonio Senzatela",15488,622608
"Lewis Brinson","- - -",,"Lewis Brinson",14352,621446
"Khris Davis","- - -",,"Khris Davis",9112,501981
"Tim Beckham","MIN",,"Tim Beckham",7949,542921
"Justyn-Henry Malloy","DET",,"Justyn-Henry Malloy",29606,669234
"Bligh Madris","- - -",,"Bligh Madris",20054,676632
"Kean Wong","LAA",,"Kean Wong",15994,642221
"Tucupita Marcano","- - -",,"Tucupita Marcano",22871,672779
"José A. Martínez","- - -",,"Jose A. Martinez",7996,500874
"Magneuris Sierra","- - -",,"Magneuris Sierra",17023,642423
"Tim Elko","CHW",,"Tim Elko",31522,671284
"Brock Holt","- - -",,"Brock Holt",9345,571788
"TJ Hopkins","CIN",,"TJ Hopkins",25482,686759
"Justin Smoak","- - -",,"Justin Smoak",9054,475253
"Oswald Peraza","- - -",,"Oswald Peraza",22823,672724
"CJ Alexander","- - -",,"CJ Alexander",20557,680769
"Josh Reddick","- - -",,"Josh Reddick",3892,502210
"Bryan De La Cruz","- - -",,"Bryan De La Cruz",19600,650559
"Marco Luciano","SFG",,"Marco Luciano",25616,682617
"David MacKinnon","- - -",,"David MacKinnon",19625,676950
"Taylor Motter","- - -",,"Taylor Motter",12399,600301
"Lucius Fox","WSN",,"Lucius Fox",18899,665650
"Will Craig","PIT",,"Will Craig",19267,643269
"Mark Payton","- - -",,"Mark Payton",16042,592622
"Matt Davidson","- - -",,"Matt Davidson",7226,571602
"Maverick Handley","BAL",,"Maverick Handley",26106,668974
"Logan Davidson","- - -",,"Logan Davidson",25844,669722
"Niko Kavadas","LAA",,"Niko Kavadas",29782,694359
"Richie Martin","BAL",,"Richie Martin",17736,621006
"Pedro Severino","- - -",,"Pedro Severino",14523,600474
"Darell Hernaiz","OAK",,"Darell Hernaiz",26224,687231
"Matt Beaty","- - -",,"Matt Beaty",17710,607461
"Eric Thames","WSN",,"Eric Thames",3711,519346
"Christian Encarnacion-Strand","CIN",,"Christian Encarnacion-Strand",30011,687952
"Edward Olivares","- - -",,"Edward Olivares",19698,658668
"Tim Lopes","- - -",,"Tim Lopes",14137,621005
"Joe Musgrove","- - -",,"Joe Musgrove",12970,605397
"Travis Demeritte","- - -",,"Travis Demeritte",15958,641513
"Ryan Vilade","- - -",,"Ryan Vilade",22165,668723
"Abraham Almonte","- - -",,"Abraham Almonte",5486,501659
"Tzu-Wei Lin","- - -",,"Tzu-Wei Lin",14678,624407
"Matt Joyce","- - -",,"Matt Joyce",3353,459964
"Ronny Simon","- - -",,"Ronny Simon",25346,682927
"Grant McCray","SFG",,"Grant McCray",25690,687529
"Sebastián Rivero","- - -",,"Sebastian Rivero",21735,665861
"Nick Maton","- - -",,"Nick Maton",21635,665155
"Jordan Lawlar","ARI",,"Jordan Lawlar",29976,691783
"Alika Williams","PIT",,"Alika Williams",27604,675961
"Justin Williams","STL",,"Justin Williams",15490,642211
"Johnathan Rodríguez","CLE",,"Johnathan Rodriguez",22530,671286
"David Hensley","- - -",,"David Hensley",25111,682073
"Cal Mitchell","PIT",,"Cal Mitchell",22169,668751
"Adam Haseley","- - -",,"Adam Haseley",19878,656514
"Travis Blankenhorn","- - -",,"Travis Blankenhorn",18395,663905
"John Nogowski","- - -",,"John Nogowski",16852,596056
"Shed Long Jr.","SEA",,"Shed Long Jr.",16542,643418
"Trenton Brooks","- - -",,"Trenton Brooks",19384,670092
"Stevie Wilkerson","BAL",,"Stevie Wilkerson",16041,592859
"Max Scherzer","- - -",,"Max Scherzer",3137,453286
"Hunter Pence","SFG",,"Hunter Pence",8252,452254
"Drew Ellis","- - -",,"Drew Ellis",19873,656403
"Phil Gosselin","- - -",,"Phil Gosselin",10953,594838
"Juan Lagares","- - -",,"Juan Lagares",5384,501571
"Nick Martini","- - -",,"Nick Martini",12005,605361
"Eric Sogard","- - -",,"Eric Sogard",7927,519299
"Shay Whitcomb","HOU",,"Shay Whitcomb",27789,694376
"Trey Lipscomb","WSN",,"Trey Lipscomb",31567,702358
"Pat Valaika","BAL",,"Pat Valaika",14885,642162
"Mallex Smith","SEA",,"Mallex Smith",13608,605480
"Didi Gregorius","PHI",,"Didi Gregorius",6012,544369
"Ji Hwan Bae","PIT",,"Ji Hwan Bae",23818,678225
"Curtis Terry","TEX",,"Curtis Terry",18881,663799
"Seth Beer","ARI",,"Seth Beer",20493,666179
"Yanquiel Fernández","COL",,"Yanquiel Fernandez",28552,692585
"Jose Rojas","LAA",,"Jose Rojas",19331,670351
"Mike Moustakas","- - -",,"Mike Moustakas",4892,519058
"Joshua Palacios","- - -",,"Joshua Palacios",19818,641943
"Kevin Smith","- - -",,"Kevin Smith",20242,675656
"Heston Kjerstad","BAL",,"Heston Kjerstad",31166,677008
"Dee Strange-Gordon","- - -",,"Dee Strange-Gordon",8203,543829
"Kevin Padlo","- - -",,"Kevin Padlo",16593,656821
"Jon Singleton","- - -",,"Jon Singleton",10441,572138
"Evan White","SEA",,"Evan White",20078,657108
"Chris Davis","BAL",,"Chris Davis",9272,448801
"Luke Williams","- - -",,"Luke Williams",19931,663897
"Eddy Alvarez","- - -",,"Eddy Alvarez",16959,657193
"Aramis Garcia","- - -",,"Aramis Garcia",16925,605244
"Nick Pratto","KCR",,"Nick Pratto",22117,668472
"Tony Wolters","- - -",,"Tony Wolters",11470,547172
"Will Robertson","- - -",,"Will Robertson",25467,683770
"Ender Inciarte","- - -",,"Ender Inciarte",4922,542255
"José Marmolejos","SEA",,"Jose Marmolejos",15767,592530
"Tyler Locklear","- - -",,"Tyler Locklear",31396,682988
"Jermaine Palacios","MIN",,"Jermaine Palacios",18371,650339
"Jordan Walker","STL",,"Jordan Walker",27475,691023
"Braden Shewmake","- - -",,"Braden Shewmake",25817,669699
"Lewin Díaz","MIA",,"Lewin Diaz",18365,650331
"Adam Eaton","- - -",,"Adam Eaton",11205,594809
"Daz Cameron","- - -",,"Daz Cameron",18353,663662
"DaShawn Keirsey Jr.","MIN",,"DaShawn Keirsey Jr.",24496,680577
"Justin Foscue","TEX",,"Justin Foscue",27501,679822
"Jordyn Adams","- - -",,"Jordyn Adams",23788,677941
"JT Riddle","- - -",,"JT Riddle",17642,595375
"Jackie Bradley Jr.","- - -",,"Jackie Bradley Jr.",12984,598265
"Jose Herrera","ARI",,"Jose Herrera",17040,645444
"Stephen Vogt","- - -",,"Stephen Vogt",5000,519390
"Jonathan Araúz","- - -",,"Jonathan Arauz",20275,660620
"Vimael Machín","- - -",,"Vimael Machin",17684,605353
"Chuckie Robinson","- - -",,"Chuckie Robinson",19824,642020
"Matt Adams","- - -",,"Matt Adams",9393,571431
"Robel García","HOU",,"Robel Garcia",13167,596825
"Daniel Murphy","COL",,"Daniel Murphy",4316,502517
"Ryan Kreidler","DET",,"Ryan Kreidler",25867,668952
"Domingo Leyba","- - -",,"Domingo Leyba",16404,642736
"Jordan Diaz","OAK",,"Jordan Diaz",22650,672478
"Michael Papierski","- - -",,"Michael Papierski",21386,657709
"Vinny Capra","- - -",,"Vinny Capra",25040,681962
"Mike Ford","- - -",,"Mike Ford",15585,645801
"Mickey Gasper","- - -",,"Mickey Gasper",24759,681508
"Willians Astudillo","- - -",,"Willians Astudillo",15608,553902
"Oscar Colás","CHW",,"Oscar Colas",30162,693049
"Michael Pérez","- - -",,"Michael Perez",12977,605421
"Everson Pereira","- - -",,"Everson Pereira",23695,677592
"Ka'ai Tom","- - -",,"Ka'ai Tom",18136,664789
"Franchy Cordero","- - -",,"Franchy Cordero",14567,614173
"Josh VanMeter","- - -",,"Josh VanMeter",15170,642165
"Chance Sisco","- - -",,"Chance Sisco",15694,642082
"MJ Melendez","KCR",,"MJ Melendez",22197,669004
"Drew Butera","- - -",,"Drew Butera",3411,460077
"Kurt Suzuki","- - -",,"Kurt Suzuki",8259,435559
"Jacob Amaya","- - -",,"Jacob Amaya",23296,676070
"Sheldon Neuse","- - -",,"Sheldon Neuse",19635,641914
"Alan Trejo","COL",,"Alan Trejo",20056,676701
"Travis Shaw","- - -",,"Travis Shaw",11982,543768
"Joe Panik","- - -",,"Joe Panik",11936,605412
"Cristian Pache","- - -",,"Cristian Pache",19948,665506
"Robinson Chirinos","- - -",,"Robinson Chirinos",3142,455139
"Stephen Piscotty","OAK",,"Stephen Piscotty",13367,572039
"Michael Chavis","- - -",,"Michael Chavis",17321,656308
"Martín Maldonado","- - -",,"Martin Maldonado",6887,455117
"Adael Amador","COL",,"Adael Amador",27962,691182
"Riley Adams","- - -",,"Riley Adams",19864,656180
"Hunter Dozier","KCR",,"Hunter Dozier",15117,641531
"Donovan Walton","- - -",,"Donovan Walton",19314,622268
"Andrew Knapp","- - -",,"Andrew Knapp",14942,595284
"Luis Matos","SFG",,"Luis Matos",26467,682641
"Andrew Knizner","- - -",,"Andrew Knizner",19514,668800
"Yoshi Tsutsugo","- - -",,"Yoshi Tsutsugo",27459,660294
"Tyler Nevin","- - -",,"Tyler Nevin",17893,663527
"Zack Short","- - -",,"Zack Short",19562,670097
"Carter Kieboom","- - -",,"Carter Kieboom",19958,666198
"Korey Lee","- - -",,"Korey Lee",25543,686676
"Matt Mervis","- - -",,"Matt Mervis",27845,670223
"Cooper Hummel","- - -",,"Cooper Hummel",19458,669450
"Jac Caglianone","KCR",,"Jac Caglianone",35041,695506
"Sandy León","- - -",,"Sandy Leon",5273,506702
"Zack Collins","- - -",,"Zack Collins",19181,641470
"Henry Davis","PIT",,"Henry Davis",29617,680779
"Scott Kingery","- - -",,"Scott Kingery",17975,664068
"Isan Díaz","- - -",,"Isan Diaz",17922,656371
"Gregory Polanco","PIT",,"Gregory Polanco",12907,570256
"Cole Tucker","- - -",,"Cole Tucker",17326,657061
"Willie Calhoun","- - -",,"Willie Calhoun",17838,641432
"Harold Castro","- - -",,"Harold Castro",14691,605612
"Nick Senzel","- - -",,"Nick Senzel",19293,669222
"David Dahl","- - -",,"David Dahl",13744,621311
"Vidal Bruján","- - -",,"Vidal Brujan",20536,660644
"Austin Romine","- - -",,"Austin Romine",5491,519222
"Miguel Cabrera","DET",,"Miguel Cabrera",1744,408234
"José Barrero","- - -",,"Jose Barrero",23378,676480
"Elehuris Montero","COL",,"Elehuris Montero",20543,660707
"Michael Toglia","COL",,"Michael Toglia",25845,669911